Fecha,Departamento,Mercado,Producto,Precio_Promedio
2023-01-01,VALLE DEL CAUCA,Cali - Cavasa,Tomate Larga Vida,3340.52
2023-01-02,VALLE DEL CAUCA,Cali - Cavasa,Tomate Larga Vida,3161.71
2023-01-03,VALLE DEL CAUCA,Cali - Cavasa,Tomate Larga Vida,3324.94
2023-01-04,VALLE DEL CAUCA,Cali - Cavasa,Tomate Larga Vida,3109.85
2023-01-05,VALLE DEL CAUCA,Cali - Cavasa,Tomate Larga Vida,3387.57
2023-01-06,VALLE DEL CAUCA,Cali - Cavasa,Tomate Larga Vida,3141.93
2023-01-07,VALLE DEL CAUCA,Cali - Cavasa,Tomate Larga Vida,3101.26
2023-01-08,VALLE DEL CAUCA,Cali - Cavasa,Tomate Larga Vida,3179.25
2023-01-09,VALLE DEL CAUCA,Cali - Cavasa,Tomate Larga Vida,3252.57
2023-01-10,VALLE DEL CAUCA,Cali - Cavasa,Tomate Larga Vida,3300.49
2023-01-11,VALLE DEL CAUCA,Cali - Cavasa,Tomate Larga Vida,3135.34
2023-01-12,VALLE DEL CAUCA,Cali - Cavasa,Tomate Larga Vida,3320.3
2023-01-13,VALLE DEL CAUCA,Cali - Cavasa,Tomate Larga Vida,3261.28
2023-01-14,VALLE DEL CAUCA,Cali - Cavasa,Tomate Larga Vida,3293.25
2023-01-15,VALLE DEL CAUCA,Cali - Cavasa,Tomate Larga Vida,3181.72
2023-01-16,VALLE DEL CAUCA,Cali - Cavasa,Tomate Larga Vida,3318.55
2023-01-17,VALLE DEL CAUCA,Cali - Cavasa,Tomate Larga Vida,3271.44
2023-01-18,VALLE DEL CAUCA,Cali - Cavasa,Tomate Larga Vida,3291.31
2023-01-19,VALLE DEL CAUCA,Cali - Cavasa,Tomate Larga Vida,3374.09
2023-01-20,VALLE DEL CAUCA,Cali - Cavasa,Tomate Larga Vida,3161.84
2023-01-21,VALLE DEL CAUCA,Cali - Cavasa,Tomate Larga Vida,3221.87
2023-01-22,VALLE DEL CAUCA,Cali - Cavasa,Tomate Larga Vida,3238.19
2023-01-23,VALLE DEL CAUCA,Cali - Cavasa,Tomate Larga Vida,3353.18
2023-01-24,VALLE DEL CAUCA,Cali - Cavasa,Tomate Larga Vida,3392.07
2023-01-25,VALLE DEL CAUCA,Cali - Cavasa,Tomate Larga Vida,3342.27
2023-01-26,VALLE DEL CAUCA,Cali - Cavasa,Tomate Larga Vida,3065.7
2023-01-27,VALLE DEL CAUCA,Cali - Cavasa,Tomate Larga Vida,3125.71
2023-01-28,VALLE DEL CAUCA,Cali - Cavasa,Tomate Larga Vida,3356.88
2023-01-29,VALLE DEL CAUCA,Cali - Cavasa,Tomate Larga Vida,3351.78
2023-01-30,VALLE DEL CAUCA,Cali - Cavasa,Tomate Larga Vida,3231.77
2023-01-31,VALLE DEL CAUCA,Cali - Cavasa,Tomate Larga Vida,3255.71
2023-02-01,VALLE DEL CAUCA,Cali - Cavasa,Tomate Larga Vida,3243.52
2023-02-02,VALLE DEL CAUCA,Cali - Cavasa,Tomate Larga Vida,3317.88
2023-02-03,VALLE DEL CAUCA,Cali - Cavasa,Tomate Larga Vida,3252.69
2023-02-04,VALLE DEL CAUCA,Cali - Cavasa,Tomate Larga Vida,3235.18
2023-02-05,VALLE DEL CAUCA,Cali - Cavasa,Tomate Larga Vida,3123.67
2023-02-06,VALLE DEL CAUCA,Cali - Cavasa,Tomate Larga Vida,3296.49
2023-02-07,VALLE DEL CAUCA,Cali - Cavasa,Tomate Larga Vida,3308.97
2023-02-08,VALLE DEL CAUCA,Cali - Cavasa,Tomate Larga Vida,3202.31
2023-02-09,VALLE DEL CAUCA,Cali - Cavasa,Tomate Larga Vida,3159.97
2023-02-10,VALLE DEL CAUCA,Cali - Cavasa,Tomate Larga Vida,3275.95
2023-02-11,VALLE DEL CAUCA,Cali - Cavasa,Tomate Larga Vida,3213.88
2023-02-12,VALLE DEL CAUCA,Cali - Cavasa,Tomate Larga Vida,3393.77
2023-02-13,VALLE DEL CAUCA,Cali - Cavasa,Tomate Larga Vida,3373.77
2023-02-14,VALLE DEL CAUCA,Cali - Cavasa,Tomate Larga Vida,3058.1
2023-02-15,VALLE DEL CAUCA,Cali - Cavasa,Tomate Larga Vida,3346.95
2023-02-16,VALLE DEL CAUCA,Cali - Cavasa,Tomate Larga Vida,3239.34
2023-02-17,VALLE DEL CAUCA,Cali - Cavasa,Tomate Larga Vida,3401.93
2023-02-18,VALLE DEL CAUCA,Cali - Cavasa,Tomate Larga Vida,3362.25
2023-02-19,VALLE DEL CAUCA,Cali - Cavasa,Tomate Larga Vida,3405.87
2023-02-20,VALLE DEL CAUCA,Cali - Cavasa,Tomate Larga Vida,3302.42
2023-02-21,VALLE DEL CAUCA,Cali - Cavasa,Tomate Larga Vida,3280.86
2023-02-22,VALLE DEL CAUCA,Cali - Cavasa,Tomate Larga Vida,3350.45
2023-02-23,VALLE DEL CAUCA,Cali - Cavasa,Tomate Larga Vida,3297.38
2023-02-24,VALLE DEL CAUCA,Cali - Cavasa,Tomate Larga Vida,3304.19
2023-02-25,VALLE DEL CAUCA,Cali - Cavasa,Tomate Larga Vida,3225.49
2023-02-26,VALLE DEL CAUCA,Cali - Cavasa,Tomate Larga Vida,3346.54
2023-02-27,VALLE DEL CAUCA,Cali - Cavasa,Tomate Larga Vida,3394.5
2023-02-28,VALLE DEL CAUCA,Cali - Cavasa,Tomate Larga Vida,3295.3
2023-03-01,VALLE DEL CAUCA,Cali - Cavasa,Tomate Larga Vida,3368.32
2023-03-02,VALLE DEL CAUCA,Cali - Cavasa,Tomate Larga Vida,3311.5
2023-03-03,VALLE DEL CAUCA,Cali - Cavasa,Tomate Larga Vida,3229.39
2023-03-04,VALLE DEL CAUCA,Cali - Cavasa,Tomate Larga Vida,3341.05
2023-03-05,VALLE DEL CAUCA,Cali - Cavasa,Tomate Larga Vida,3283.3
2023-03-06,VALLE DEL CAUCA,Cali - Cavasa,Tomate Larga Vida,3320.12
2023-03-07,VALLE DEL CAUCA,Cali - Cavasa,Tomate Larga Vida,3341.93
2023-03-08,VALLE DEL CAUCA,Cali - Cavasa,Tomate Larga Vida,3466.09
2023-03-09,VALLE DEL CAUCA,Cali - Cavasa,Tomate Larga Vida,3435.2
2023-03-10,VALLE DEL CAUCA,Cali - Cavasa,Tomate Larga Vida,3397.67
2023-03-11,VALLE DEL CAUCA,Cali - Cavasa,Tomate Larga Vida,3223.53
2023-03-12,VALLE DEL CAUCA,Cali - Cavasa,Tomate Larga Vida,3373.72
2023-03-13,VALLE DEL CAUCA,Cali - Cavasa,Tomate Larga Vida,3343.55
2023-03-14,VALLE DEL CAUCA,Cali - Cavasa,Tomate Larga Vida,3243.86
2023-03-15,VALLE DEL CAUCA,Cali - Cavasa,Tomate Larga Vida,3482.78
2023-03-16,VALLE DEL CAUCA,Cali - Cavasa,Tomate Larga Vida,3227.42
2023-03-17,VALLE DEL CAUCA,Cali - Cavasa,Tomate Larga Vida,3425.76
2023-03-18,VALLE DEL CAUCA,Cali - Cavasa,Tomate Larga Vida,3367.01
2023-03-19,VALLE DEL CAUCA,Cali - Cavasa,Tomate Larga Vida,3376.25
2023-03-20,VALLE DEL CAUCA,Cali - Cavasa,Tomate Larga Vida,3326.23
2023-03-21,VALLE DEL CAUCA,Cali - Cavasa,Tomate Larga Vida,3455.8
2023-03-22,VALLE DEL CAUCA,Cali - Cavasa,Tomate Larga Vida,3183.61
2023-03-23,VALLE DEL CAUCA,Cali - Cavasa,Tomate Larga Vida,3357.16
2023-03-24,VALLE DEL CAUCA,Cali - Cavasa,Tomate Larga Vida,3233.8
2023-03-25,VALLE DEL CAUCA,Cali - Cavasa,Tomate Larga Vida,3305.24
2023-03-26,VALLE DEL CAUCA,Cali - Cavasa,Tomate Larga Vida,3511.59
2023-03-27,VALLE DEL CAUCA,Cali - Cavasa,Tomate Larga Vida,3552.35
2023-03-28,VALLE DEL CAUCA,Cali - Cavasa,Tomate Larga Vida,3237.21
2023-03-29,VALLE DEL CAUCA,Cali - Cavasa,Tomate Larga Vida,3360.74
2023-03-30,VALLE DEL CAUCA,Cali - Cavasa,Tomate Larga Vida,3361.57
2023-03-31,VALLE DEL CAUCA,Cali - Cavasa,Tomate Larga Vida,3302.31
2023-04-01,VALLE DEL CAUCA,Cali - Cavasa,Tomate Larga Vida,3510.76
2023-04-02,VALLE DEL CAUCA,Cali - Cavasa,Tomate Larga Vida,3317.77
2023-04-03,VALLE DEL CAUCA,Cali - Cavasa,Tomate Larga Vida,3443.36
2023-04-04,VALLE DEL CAUCA,Cali - Cavasa,Tomate Larga Vida,3226.05
2023-04-05,VALLE DEL CAUCA,Cali - Cavasa,Tomate Larga Vida,3365.39
2023-04-06,VALLE DEL CAUCA,Cali - Cavasa,Tomate Larga Vida,3467.61
2023-04-07,VALLE DEL CAUCA,Cali - Cavasa,Tomate Larga Vida,3539.96
2023-04-08,VALLE DEL CAUCA,Cali - Cavasa,Tomate Larga Vida,3376.95
2023-04-09,VALLE DEL CAUCA,Cali - Cavasa,Tomate Larga Vida,3279.93
2023-04-10,VALLE DEL CAUCA,Cali - Cavasa,Tomate Larga Vida,3446.58
2023-04-11,VALLE DEL CAUCA,Cali - Cavasa,Tomate Larga Vida,3294.78
2023-04-12,VALLE DEL CAUCA,Cali - Cavasa,Tomate Larga Vida,3438.6
2023-04-13,VALLE DEL CAUCA,Cali - Cavasa,Tomate Larga Vida,3440.28
2023-04-14,VALLE DEL CAUCA,Cali - Cavasa,Tomate Larga Vida,3431.84
2023-04-15,VALLE DEL CAUCA,Cali - Cavasa,Tomate Larga Vida,3189.86
2023-04-16,VALLE DEL CAUCA,Cali - Cavasa,Tomate Larga Vida,3279.33
2023-04-17,VALLE DEL CAUCA,Cali - Cavasa,Tomate Larga Vida,3299.56
2023-04-18,VALLE DEL CAUCA,Cali - Cavasa,Tomate Larga Vida,3215.5
2023-04-19,VALLE DEL CAUCA,Cali - Cavasa,Tomate Larga Vida,3386.88
2023-04-20,VALLE DEL CAUCA,Cali - Cavasa,Tomate Larga Vida,3269.32
2023-04-21,VALLE DEL CAUCA,Cali - Cavasa,Tomate Larga Vida,3327.34
2023-04-22,VALLE DEL CAUCA,Cali - Cavasa,Tomate Larga Vida,3283.25
2023-04-23,VALLE DEL CAUCA,Cali - Cavasa,Tomate Larga Vida,3327.91
2023-04-24,VALLE DEL CAUCA,Cali - Cavasa,Tomate Larga Vida,3258.77
2023-04-25,VALLE DEL CAUCA,Cali - Cavasa,Tomate Larga Vida,3279.83
2023-04-26,VALLE DEL CAUCA,Cali - Cavasa,Tomate Larga Vida,3356.74
2023-04-27,VALLE DEL CAUCA,Cali - Cavasa,Tomate Larga Vida,3442.91
2023-04-28,VALLE DEL CAUCA,Cali - Cavasa,Tomate Larga Vida,3492.11
2023-04-29,VALLE DEL CAUCA,Cali - Cavasa,Tomate Larga Vida,3516.75
2023-04-30,VALLE DEL CAUCA,Cali - Cavasa,Tomate Larga Vida,3510.9
2023-05-01,VALLE DEL CAUCA,Cali - Cavasa,Tomate Larga Vida,3494.53
2023-05-02,VALLE DEL CAUCA,Cali - Cavasa,Tomate Larga Vida,3272.55
2023-05-03,VALLE DEL CAUCA,Cali - Cavasa,Tomate Larga Vida,3313.09
2023-05-04,VALLE DEL CAUCA,Cali - Cavasa,Tomate Larga Vida,3267.4
2023-05-05,VALLE DEL CAUCA,Cali - Cavasa,Tomate Larga Vida,3260.44
2023-05-06,VALLE DEL CAUCA,Cali - Cavasa,Tomate Larga Vida,3374.3
2023-05-07,VALLE DEL CAUCA,Cali - Cavasa,Tomate Larga Vida,3503.49
2023-05-08,VALLE DEL CAUCA,Cali - Cavasa,Tomate Larga Vida,3461.82
2023-05-09,VALLE DEL CAUCA,Cali - Cavasa,Tomate Larga Vida,3491.89
2023-05-10,VALLE DEL CAUCA,Cali - Cavasa,Tomate Larga Vida,3417.95
2023-05-11,VALLE DEL CAUCA,Cali - Cavasa,Tomate Larga Vida,3312.86
2023-05-12,VALLE DEL CAUCA,Cali - Cavasa,Tomate Larga Vida,3270.88
2023-05-13,VALLE DEL CAUCA,Cali - Cavasa,Tomate Larga Vida,3331.46
2023-05-14,VALLE DEL CAUCA,Cali - Cavasa,Tomate Larga Vida,3282.07
2023-05-15,VALLE DEL CAUCA,Cali - Cavasa,Tomate Larga Vida,3409.57
2023-05-16,VALLE DEL CAUCA,Cali - Cavasa,Tomate Larga Vida,3314.69
2023-05-17,VALLE DEL CAUCA,Cali - Cavasa,Tomate Larga Vida,3476.62
2023-05-18,VALLE DEL CAUCA,Cali - Cavasa,Tomate Larga Vida,3333.89
2023-05-19,VALLE DEL CAUCA,Cali - Cavasa,Tomate Larga Vida,3466.06
2023-05-20,VALLE DEL CAUCA,Cali - Cavasa,Tomate Larga Vida,3617.69
2023-05-21,VALLE DEL CAUCA,Cali - Cavasa,Tomate Larga Vida,3483.52
2023-05-22,VALLE DEL CAUCA,Cali - Cavasa,Tomate Larga Vida,3416.03
2023-05-23,VALLE DEL CAUCA,Cali - Cavasa,Tomate Larga Vida,3600.18
2023-05-24,VALLE DEL CAUCA,Cali - Cavasa,Tomate Larga Vida,3349.18
2023-05-25,VALLE DEL CAUCA,Cali - Cavasa,Tomate Larga Vida,3221.05
2023-05-26,VALLE DEL CAUCA,Cali - Cavasa,Tomate Larga Vida,3424.72
2023-05-27,VALLE DEL CAUCA,Cali - Cavasa,Tomate Larga Vida,3482.41
2023-05-28,VALLE DEL CAUCA,Cali - Cavasa,Tomate Larga Vida,3382.94
2023-05-29,VALLE DEL CAUCA,Cali - Cavasa,Tomate Larga Vida,3391.53
2023-05-30,VALLE DEL CAUCA,Cali - Cavasa,Tomate Larga Vida,3398.04
2023-05-31,VALLE DEL CAUCA,Cali - Cavasa,Tomate Larga Vida,3643.58
2023-06-01,VALLE DEL CAUCA,Cali - Cavasa,Tomate Larga Vida,3299.21
2023-06-02,VALLE DEL CAUCA,Cali - Cavasa,Tomate Larga Vida,3506.15
2023-06-03,VALLE DEL CAUCA,Cali - Cavasa,Tomate Larga Vida,3322.31
2023-06-04,VALLE DEL CAUCA,Cali - Cavasa,Tomate Larga Vida,3535.92
2023-06-05,VALLE DEL CAUCA,Cali - Cavasa,Tomate Larga Vida,3485.48
2023-06-06,VALLE DEL CAUCA,Cali - Cavasa,Tomate Larga Vida,3426.28
2023-06-07,VALLE DEL CAUCA,Cali - Cavasa,Tomate Larga Vida,3561.35
2023-06-08,VALLE DEL CAUCA,Cali - Cavasa,Tomate Larga Vida,3263.56
2023-06-09,VALLE DEL CAUCA,Cali - Cavasa,Tomate Larga Vida,3308.38
2023-06-10,VALLE DEL CAUCA,Cali - Cavasa,Tomate Larga Vida,3440.51
2023-06-11,VALLE DEL CAUCA,Cali - Cavasa,Tomate Larga Vida,3487.46
2023-06-12,VALLE DEL CAUCA,Cali - Cavasa,Tomate Larga Vida,3321.49
2023-06-13,VALLE DEL CAUCA,Cali - Cavasa,Tomate Larga Vida,3344.14
2023-06-14,VALLE DEL CAUCA,Cali - Cavasa,Tomate Larga Vida,3560.88
2023-06-15,VALLE DEL CAUCA,Cali - Cavasa,Tomate Larga Vida,3418.27
2023-06-16,VALLE DEL CAUCA,Cali - Cavasa,Tomate Larga Vida,3458.63
2023-06-17,VALLE DEL CAUCA,Cali - Cavasa,Tomate Larga Vida,3597.51
2023-06-18,VALLE DEL CAUCA,Cali - Cavasa,Tomate Larga Vida,3514.43
2023-06-19,VALLE DEL CAUCA,Cali - Cavasa,Tomate Larga Vida,3291.7
2023-06-20,VALLE DEL CAUCA,Cali - Cavasa,Tomate Larga Vida,3459.53
2023-06-21,VALLE DEL CAUCA,Cali - Cavasa,Tomate Larga Vida,3422.88
2023-06-22,VALLE DEL CAUCA,Cali - Cavasa,Tomate Larga Vida,3459.31
2023-06-23,VALLE DEL CAUCA,Cali - Cavasa,Tomate Larga Vida,3486.61
2023-06-24,VALLE DEL CAUCA,Cali - Cavasa,Tomate Larga Vida,3372.13
2023-06-25,VALLE DEL CAUCA,Cali - Cavasa,Tomate Larga Vida,3353.97
2023-06-26,VALLE DEL CAUCA,Cali - Cavasa,Tomate Larga Vida,3422.31
2023-06-27,VALLE DEL CAUCA,Cali - Cavasa,Tomate Larga Vida,3723.66
2023-06-28,VALLE DEL CAUCA,Cali - Cavasa,Tomate Larga Vida,3386.48
2023-06-29,VALLE DEL CAUCA,Cali - Cavasa,Tomate Larga Vida,3385.97
2023-06-30,VALLE DEL CAUCA,Cali - Cavasa,Tomate Larga Vida,3401.52
2023-07-01,VALLE DEL CAUCA,Cali - Cavasa,Tomate Larga Vida,3727.72
2023-07-02,VALLE DEL CAUCA,Cali - Cavasa,Tomate Larga Vida,3524.0
2023-07-03,VALLE DEL CAUCA,Cali - Cavasa,Tomate Larga Vida,3561.43
2023-07-04,VALLE DEL CAUCA,Cali - Cavasa,Tomate Larga Vida,3454.39
2023-07-05,VALLE DEL CAUCA,Cali - Cavasa,Tomate Larga Vida,3456.24
2023-07-06,VALLE DEL CAUCA,Cali - Cavasa,Tomate Larga Vida,3445.32
2023-07-07,VALLE DEL CAUCA,Cali - Cavasa,Tomate Larga Vida,3407.35
2023-07-08,VALLE DEL CAUCA,Cali - Cavasa,Tomate Larga Vida,3438.37
2023-07-09,VALLE DEL CAUCA,Cali - Cavasa,Tomate Larga Vida,3581.46
2023-07-10,VALLE DEL CAUCA,Cali - Cavasa,Tomate Larga Vida,3300.32
2023-07-11,VALLE DEL CAUCA,Cali - Cavasa,Tomate Larga Vida,3509.15
2023-07-12,VALLE DEL CAUCA,Cali - Cavasa,Tomate Larga Vida,3511.48
2023-07-13,VALLE DEL CAUCA,Cali - Cavasa,Tomate Larga Vida,3552.05
2023-07-14,VALLE DEL CAUCA,Cali - Cavasa,Tomate Larga Vida,3521.1
2023-07-15,VALLE DEL CAUCA,Cali - Cavasa,Tomate Larga Vida,3444.09
2023-07-16,VALLE DEL CAUCA,Cali - Cavasa,Tomate Larga Vida,3720.38
2023-07-17,VALLE DEL CAUCA,Cali - Cavasa,Tomate Larga Vida,3426.15
2023-07-18,VALLE DEL CAUCA,Cali - Cavasa,Tomate Larga Vida,3625.77
2023-07-19,VALLE DEL CAUCA,Cali - Cavasa,Tomate Larga Vida,3575.95
2023-07-20,VALLE DEL CAUCA,Cali - Cavasa,Tomate Larga Vida,3509.36
2023-07-21,VALLE DEL CAUCA,Cali - Cavasa,Tomate Larga Vida,3524.64
2023-07-22,VALLE DEL CAUCA,Cali - Cavasa,Tomate Larga Vida,3583.39
2023-07-23,VALLE DEL CAUCA,Cali - Cavasa,Tomate Larga Vida,3478.16
2023-07-24,VALLE DEL CAUCA,Cali - Cavasa,Tomate Larga Vida,3395.49
2023-07-25,VALLE DEL CAUCA,Cali - Cavasa,Tomate Larga Vida,3402.02
2023-07-26,VALLE DEL CAUCA,Cali - Cavasa,Tomate Larga Vida,3459.61
2023-07-27,VALLE DEL CAUCA,Cali - Cavasa,Tomate Larga Vida,3653.15
2023-07-28,VALLE DEL CAUCA,Cali - Cavasa,Tomate Larga Vida,3540.48
2023-07-29,VALLE DEL CAUCA,Cali - Cavasa,Tomate Larga Vida,3525.29
2023-07-30,VALLE DEL CAUCA,Cali - Cavasa,Tomate Larga Vida,3562.35
2023-07-31,VALLE DEL CAUCA,Cali - Cavasa,Tomate Larga Vida,3468.0
2023-08-01,VALLE DEL CAUCA,Cali - Cavasa,Tomate Larga Vida,3605.67
2023-08-02,VALLE DEL CAUCA,Cali - Cavasa,Tomate Larga Vida,3494.16
2023-08-03,VALLE DEL CAUCA,Cali - Cavasa,Tomate Larga Vida,3529.74
2023-08-04,VALLE DEL CAUCA,Cali - Cavasa,Tomate Larga Vida,3485.06
2023-08-05,VALLE DEL CAUCA,Cali - Cavasa,Tomate Larga Vida,3614.25
2023-08-06,VALLE DEL CAUCA,Cali - Cavasa,Tomate Larga Vida,3629.55
2023-08-07,VALLE DEL CAUCA,Cali - Cavasa,Tomate Larga Vida,3459.99
2023-08-08,VALLE DEL CAUCA,Cali - Cavasa,Tomate Larga Vida,3380.1
2023-08-09,VALLE DEL CAUCA,Cali - Cavasa,Tomate Larga Vida,3580.95
2023-08-10,VALLE DEL CAUCA,Cali - Cavasa,Tomate Larga Vida,3713.81
2023-08-11,VALLE DEL CAUCA,Cali - Cavasa,Tomate Larga Vida,3497.01
2023-08-12,VALLE DEL CAUCA,Cali - Cavasa,Tomate Larga Vida,3657.83
2023-08-13,VALLE DEL CAUCA,Cali - Cavasa,Tomate Larga Vida,3491.87
2023-08-14,VALLE DEL CAUCA,Cali - Cavasa,Tomate Larga Vida,3641.13
2023-08-15,VALLE DEL CAUCA,Cali - Cavasa,Tomate Larga Vida,3563.42
2023-08-16,VALLE DEL CAUCA,Cali - Cavasa,Tomate Larga Vida,3533.81
2023-08-17,VALLE DEL CAUCA,Cali - Cavasa,Tomate Larga Vida,3638.86
2023-08-18,VALLE DEL CAUCA,Cali - Cavasa,Tomate Larga Vida,3590.02
2023-08-19,VALLE DEL CAUCA,Cali - Cavasa,Tomate Larga Vida,3476.46
2023-08-20,VALLE DEL CAUCA,Cali - Cavasa,Tomate Larga Vida,3511.1
2023-08-21,VALLE DEL CAUCA,Cali - Cavasa,Tomate Larga Vida,3626.69
2023-08-22,VALLE DEL CAUCA,Cali - Cavasa,Tomate Larga Vida,3707.44
2023-08-23,VALLE DEL CAUCA,Cali - Cavasa,Tomate Larga Vida,3618.97
2023-08-24,VALLE DEL CAUCA,Cali - Cavasa,Tomate Larga Vida,3455.16
2023-08-25,VALLE DEL CAUCA,Cali - Cavasa,Tomate Larga Vida,3535.88
2023-08-26,VALLE DEL CAUCA,Cali - Cavasa,Tomate Larga Vida,3623.65
2023-08-27,VALLE DEL CAUCA,Cali - Cavasa,Tomate Larga Vida,3662.63
2023-08-28,VALLE DEL CAUCA,Cali - Cavasa,Tomate Larga Vida,3634.98
2023-08-29,VALLE DEL CAUCA,Cali - Cavasa,Tomate Larga Vida,3511.65
2023-08-30,VALLE DEL CAUCA,Cali - Cavasa,Tomate Larga Vida,3417.81
2023-08-31,VALLE DEL CAUCA,Cali - Cavasa,Tomate Larga Vida,3570.25
2023-09-01,VALLE DEL CAUCA,Cali - Cavasa,Tomate Larga Vida,3665.3
2023-09-02,VALLE DEL CAUCA,Cali - Cavasa,Tomate Larga Vida,3568.25
2023-09-03,VALLE DEL CAUCA,Cali - Cavasa,Tomate Larga Vida,3719.86
2023-09-04,VALLE DEL CAUCA,Cali - Cavasa,Tomate Larga Vida,3575.89
2023-09-05,VALLE DEL CAUCA,Cali - Cavasa,Tomate Larga Vida,3569.59
2023-09-06,VALLE DEL CAUCA,Cali - Cavasa,Tomate Larga Vida,3643.08
2023-09-07,VALLE DEL CAUCA,Cali - Cavasa,Tomate Larga Vida,3547.04
2023-09-08,VALLE DEL CAUCA,Cali - Cavasa,Tomate Larga Vida,3570.21
2023-09-09,VALLE DEL CAUCA,Cali - Cavasa,Tomate Larga Vida,3553.97
2023-09-10,VALLE DEL CAUCA,Cali - Cavasa,Tomate Larga Vida,3696.21
2023-09-11,VALLE DEL CAUCA,Cali - Cavasa,Tomate Larga Vida,3581.44
2023-09-12,VALLE DEL CAUCA,Cali - Cavasa,Tomate Larga Vida,3635.78
2023-09-13,VALLE DEL CAUCA,Cali - Cavasa,Tomate Larga Vida,3576.5
2023-09-14,VALLE DEL CAUCA,Cali - Cavasa,Tomate Larga Vida,3641.22
2023-09-15,VALLE DEL CAUCA,Cali - Cavasa,Tomate Larga Vida,3747.19
2023-09-16,VALLE DEL CAUCA,Cali - Cavasa,Tomate Larga Vida,3764.67
2023-09-17,VALLE DEL CAUCA,Cali - Cavasa,Tomate Larga Vida,3671.11
2023-09-18,VALLE DEL CAUCA,Cali - Cavasa,Tomate Larga Vida,3484.14
2023-09-19,VALLE DEL CAUCA,Cali - Cavasa,Tomate Larga Vida,3570.11
2023-09-20,VALLE DEL CAUCA,Cali - Cavasa,Tomate Larga Vida,3487.25
2023-09-21,VALLE DEL CAUCA,Cali - Cavasa,Tomate Larga Vida,3560.12
2023-09-22,VALLE DEL CAUCA,Cali - Cavasa,Tomate Larga Vida,3623.0
2023-09-23,VALLE DEL CAUCA,Cali - Cavasa,Tomate Larga Vida,3564.92
2023-09-24,VALLE DEL CAUCA,Cali - Cavasa,Tomate Larga Vida,3731.48
2023-09-25,VALLE DEL CAUCA,Cali - Cavasa,Tomate Larga Vida,3667.37
2023-09-26,VALLE DEL CAUCA,Cali - Cavasa,Tomate Larga Vida,3484.25
2023-09-27,VALLE DEL CAUCA,Cali - Cavasa,Tomate Larga Vida,3620.36
2023-09-28,VALLE DEL CAUCA,Cali - Cavasa,Tomate Larga Vida,3829.25
2023-09-29,VALLE DEL CAUCA,Cali - Cavasa,Tomate Larga Vida,3415.21
2023-09-30,VALLE DEL CAUCA,Cali - Cavasa,Tomate Larga Vida,3409.03
2023-10-01,VALLE DEL CAUCA,Cali - Cavasa,Tomate Larga Vida,3674.96
2023-10-02,VALLE DEL CAUCA,Cali - Cavasa,Tomate Larga Vida,3682.75
2023-10-03,VALLE DEL CAUCA,Cali - Cavasa,Tomate Larga Vida,3415.82
2023-10-04,VALLE DEL CAUCA,Cali - Cavasa,Tomate Larga Vida,3658.04
2023-10-05,VALLE DEL CAUCA,Cali - Cavasa,Tomate Larga Vida,3662.47
2023-10-06,VALLE DEL CAUCA,Cali - Cavasa,Tomate Larga Vida,3601.3
2023-10-07,VALLE DEL CAUCA,Cali - Cavasa,Tomate Larga Vida,3526.94
2023-10-08,VALLE DEL CAUCA,Cali - Cavasa,Tomate Larga Vida,3821.72
2023-10-09,VALLE DEL CAUCA,Cali - Cavasa,Tomate Larga Vida,3568.38
2023-10-10,VALLE DEL CAUCA,Cali - Cavasa,Tomate Larga Vida,3612.96
2023-10-11,VALLE DEL CAUCA,Cali - Cavasa,Tomate Larga Vida,3421.75
2023-10-12,VALLE DEL CAUCA,Cali - Cavasa,Tomate Larga Vida,3720.61
2023-10-13,VALLE DEL CAUCA,Cali - Cavasa,Tomate Larga Vida,3539.37
2023-10-14,VALLE DEL CAUCA,Cali - Cavasa,Tomate Larga Vida,3587.69
2023-10-15,VALLE DEL CAUCA,Cali - Cavasa,Tomate Larga Vida,3722.58
2023-10-16,VALLE DEL CAUCA,Cali - Cavasa,Tomate Larga Vida,3749.92
2023-10-17,VALLE DEL CAUCA,Cali - Cavasa,Tomate Larga Vida,3739.75
2023-10-18,VALLE DEL CAUCA,Cali - Cavasa,Tomate Larga Vida,3570.77
2023-10-19,VALLE DEL CAUCA,Cali - Cavasa,Tomate Larga Vida,3857.0
2023-10-20,VALLE DEL CAUCA,Cali - Cavasa,Tomate Larga Vida,3585.95
2023-10-21,VALLE DEL CAUCA,Cali - Cavasa,Tomate Larga Vida,3526.53
2023-10-22,VALLE DEL CAUCA,Cali - Cavasa,Tomate Larga Vida,3581.38
2023-10-23,VALLE DEL CAUCA,Cali - Cavasa,Tomate Larga Vida,3790.86
2023-10-24,VALLE DEL CAUCA,Cali - Cavasa,Tomate Larga Vida,3650.01
2023-10-25,VALLE DEL CAUCA,Cali - Cavasa,Tomate Larga Vida,3636.84
2023-10-26,VALLE DEL CAUCA,Cali - Cavasa,Tomate Larga Vida,3733.72
2023-10-27,VALLE DEL CAUCA,Cali - Cavasa,Tomate Larga Vida,3671.51
2023-10-28,VALLE DEL CAUCA,Cali - Cavasa,Tomate Larga Vida,3786.25
2023-10-29,VALLE DEL CAUCA,Cali - Cavasa,Tomate Larga Vida,3596.98
2023-10-30,VALLE DEL CAUCA,Cali - Cavasa,Tomate Larga Vida,3704.47
2023-10-31,VALLE DEL CAUCA,Cali - Cavasa,Tomate Larga Vida,3462.27
2023-11-01,VALLE DEL CAUCA,Cali - Cavasa,Tomate Larga Vida,3843.46
2023-11-02,VALLE DEL CAUCA,Cali - Cavasa,Tomate Larga Vida,3857.54
2023-11-03,VALLE DEL CAUCA,Cali - Cavasa,Tomate Larga Vida,3732.08
2023-11-04,VALLE DEL CAUCA,Cali - Cavasa,Tomate Larga Vida,3521.87
2023-11-05,VALLE DEL CAUCA,Cali - Cavasa,Tomate Larga Vida,3679.73
2023-11-06,VALLE DEL CAUCA,Cali - Cavasa,Tomate Larga Vida,3569.19
2023-11-07,VALLE DEL CAUCA,Cali - Cavasa,Tomate Larga Vida,3605.58
2023-11-08,VALLE DEL CAUCA,Cali - Cavasa,Tomate Larga Vida,3479.18
2023-11-09,VALLE DEL CAUCA,Cali - Cavasa,Tomate Larga Vida,3642.2
2023-11-10,VALLE DEL CAUCA,Cali - Cavasa,Tomate Larga Vida,3682.99
2023-11-11,VALLE DEL CAUCA,Cali - Cavasa,Tomate Larga Vida,3793.65
2023-11-12,VALLE DEL CAUCA,Cali - Cavasa,Tomate Larga Vida,3679.68
2023-11-13,VALLE DEL CAUCA,Cali - Cavasa,Tomate Larga Vida,3871.58
2023-11-14,VALLE DEL CAUCA,Cali - Cavasa,Tomate Larga Vida,3826.17
2023-11-15,VALLE DEL CAUCA,Cali - Cavasa,Tomate Larga Vida,3652.44
2023-11-16,VALLE DEL CAUCA,Cali - Cavasa,Tomate Larga Vida,3861.4
2023-11-17,VALLE DEL CAUCA,Cali - Cavasa,Tomate Larga Vida,3716.69
2023-11-18,VALLE DEL CAUCA,Cali - Cavasa,Tomate Larga Vida,3705.3
2023-11-19,VALLE DEL CAUCA,Cali - Cavasa,Tomate Larga Vida,3804.57
2023-11-20,VALLE DEL CAUCA,Cali - Cavasa,Tomate Larga Vida,3780.34
2023-11-21,VALLE DEL CAUCA,Cali - Cavasa,Tomate Larga Vida,3711.05
2023-11-22,VALLE DEL CAUCA,Cali - Cavasa,Tomate Larga Vida,3569.51
2023-11-23,VALLE DEL CAUCA,Cali - Cavasa,Tomate Larga Vida,3719.76
2023-11-24,VALLE DEL CAUCA,Cali - Cavasa,Tomate Larga Vida,3723.11
2023-11-25,VALLE DEL CAUCA,Cali - Cavasa,Tomate Larga Vida,3675.03
2023-11-26,VALLE DEL CAUCA,Cali - Cavasa,Tomate Larga Vida,3782.89
2023-11-27,VALLE DEL CAUCA,Cali - Cavasa,Tomate Larga Vida,3618.93
2023-11-28,VALLE DEL CAUCA,Cali - Cavasa,Tomate Larga Vida,3559.57
2023-11-29,VALLE DEL CAUCA,Cali - Cavasa,Tomate Larga Vida,4028.57
2023-11-30,VALLE DEL CAUCA,Cali - Cavasa,Tomate Larga Vida,3831.44
2023-12-01,VALLE DEL CAUCA,Cali - Cavasa,Tomate Larga Vida,3642.98
2023-12-02,VALLE DEL CAUCA,Cali - Cavasa,Tomate Larga Vida,3651.23
2023-12-03,VALLE DEL CAUCA,Cali - Cavasa,Tomate Larga Vida,3793.11
2023-12-04,VALLE DEL CAUCA,Cali - Cavasa,Tomate Larga Vida,3573.37
2023-12-05,VALLE DEL CAUCA,Cali - Cavasa,Tomate Larga Vida,3750.16
2023-12-06,VALLE DEL CAUCA,Cali - Cavasa,Tomate Larga Vida,3815.58
2023-12-07,VALLE DEL CAUCA,Cali - Cavasa,Tomate Larga Vida,3672.06
2023-12-08,VALLE DEL CAUCA,Cali - Cavasa,Tomate Larga Vida,3777.69
2023-12-09,VALLE DEL CAUCA,Cali - Cavasa,Tomate Larga Vida,3734.3
2023-12-10,VALLE DEL CAUCA,Cali - Cavasa,Tomate Larga Vida,3710.67
2023-12-11,VALLE DEL CAUCA,Cali - Cavasa,Tomate Larga Vida,3745.62
2023-12-12,VALLE DEL CAUCA,Cali - Cavasa,Tomate Larga Vida,3693.47
2023-12-13,VALLE DEL CAUCA,Cali - Cavasa,Tomate Larga Vida,3858.63
2023-12-14,VALLE DEL CAUCA,Cali - Cavasa,Tomate Larga Vida,3689.68
2023-12-15,VALLE DEL CAUCA,Cali - Cavasa,Tomate Larga Vida,3889.57
2023-12-16,VALLE DEL CAUCA,Cali - Cavasa,Tomate Larga Vida,3634.98
2023-12-17,VALLE DEL CAUCA,Cali - Cavasa,Tomate Larga Vida,3712.5
2023-12-18,VALLE DEL CAUCA,Cali - Cavasa,Tomate Larga Vida,3826.27
2023-12-19,VALLE DEL CAUCA,Cali - Cavasa,Tomate Larga Vida,3671.93
2023-12-20,VALLE DEL CAUCA,Cali - Cavasa,Tomate Larga Vida,3875.63
2023-12-21,VALLE DEL CAUCA,Cali - Cavasa,Tomate Larga Vida,3648.54
2023-12-22,VALLE DEL CAUCA,Cali - Cavasa,Tomate Larga Vida,3748.8
2023-12-23,VALLE DEL CAUCA,Cali - Cavasa,Tomate Larga Vida,3660.56
2023-12-24,VALLE DEL CAUCA,Cali - Cavasa,Tomate Larga Vida,3753.92
2023-12-25,VALLE DEL CAUCA,Cali - Cavasa,Tomate Larga Vida,3737.46
2023-12-26,VALLE DEL CAUCA,Cali - Cavasa,Tomate Larga Vida,3895.74
2023-12-27,VALLE DEL CAUCA,Cali - Cavasa,Tomate Larga Vida,3860.23
2023-12-28,VALLE DEL CAUCA,Cali - Cavasa,Tomate Larga Vida,3782.49
2023-12-29,VALLE DEL CAUCA,Cali - Cavasa,Tomate Larga Vida,3815.67
2023-12-30,VALLE DEL CAUCA,Cali - Cavasa,Tomate Larga Vida,3893.77
2023-12-31,VALLE DEL CAUCA,Cali - Cavasa,Tomate Larga Vida,3756.77
2023-01-01,VALLE DEL CAUCA,Cali - Cavasa,Cebolla Cabezona,3834.79
2023-01-02,VALLE DEL CAUCA,Cali - Cavasa,Cebolla Cabezona,3826.56
2023-01-03,VALLE DEL CAUCA,Cali - Cavasa,Cebolla Cabezona,4172.78
2023-01-04,VALLE DEL CAUCA,Cali - Cavasa,Cebolla Cabezona,3876.71
2023-01-05,VALLE DEL CAUCA,Cali - Cavasa,Cebolla Cabezona,4255.94
2023-01-06,VALLE DEL CAUCA,Cali - Cavasa,Cebolla Cabezona,3887.38
2023-01-07,VALLE DEL CAUCA,Cali - Cavasa,Cebolla Cabezona,4170.5
2023-01-08,VALLE DEL CAUCA,Cali - Cavasa,Cebolla Cabezona,4012.81
2023-01-09,VALLE DEL CAUCA,Cali - Cavasa,Cebolla Cabezona,3887.53
2023-01-10,VALLE DEL CAUCA,Cali - Cavasa,Cebolla Cabezona,3948.89
2023-01-11,VALLE DEL CAUCA,Cali - Cavasa,Cebolla Cabezona,4097.16
2023-01-12,VALLE DEL CAUCA,Cali - Cavasa,Cebolla Cabezona,4101.78
2023-01-13,VALLE DEL CAUCA,Cali - Cavasa,Cebolla Cabezona,4192.87
2023-01-14,VALLE DEL CAUCA,Cali - Cavasa,Cebolla Cabezona,4113.99
2023-01-15,VALLE DEL CAUCA,Cali - Cavasa,Cebolla Cabezona,4042.1
2023-01-16,VALLE DEL CAUCA,Cali - Cavasa,Cebolla Cabezona,4080.43
2023-01-17,VALLE DEL CAUCA,Cali - Cavasa,Cebolla Cabezona,4122.74
2023-01-18,VALLE DEL CAUCA,Cali - Cavasa,Cebolla Cabezona,3803.06
2023-01-19,VALLE DEL CAUCA,Cali - Cavasa,Cebolla Cabezona,3997.41
2023-01-20,VALLE DEL CAUCA,Cali - Cavasa,Cebolla Cabezona,4099.21
2023-01-21,VALLE DEL CAUCA,Cali - Cavasa,Cebolla Cabezona,4118.24
2023-01-22,VALLE DEL CAUCA,Cali - Cavasa,Cebolla Cabezona,4019.92
2023-01-23,VALLE DEL CAUCA,Cali - Cavasa,Cebolla Cabezona,4139.73
2023-01-24,VALLE DEL CAUCA,Cali - Cavasa,Cebolla Cabezona,4042.68
2023-01-25,VALLE DEL CAUCA,Cali - Cavasa,Cebolla Cabezona,4012.43
2023-01-26,VALLE DEL CAUCA,Cali - Cavasa,Cebolla Cabezona,4146.1
2023-01-27,VALLE DEL CAUCA,Cali - Cavasa,Cebolla Cabezona,4097.78
2023-01-28,VALLE DEL CAUCA,Cali - Cavasa,Cebolla Cabezona,3976.04
2023-01-29,VALLE DEL CAUCA,Cali - Cavasa,Cebolla Cabezona,4114.1
2023-01-30,VALLE DEL CAUCA,Cali - Cavasa,Cebolla Cabezona,3906.91
2023-01-31,VALLE DEL CAUCA,Cali - Cavasa,Cebolla Cabezona,3950.88
2023-02-01,VALLE DEL CAUCA,Cali - Cavasa,Cebolla Cabezona,4201.4
2023-02-02,VALLE DEL CAUCA,Cali - Cavasa,Cebolla Cabezona,3959.41
2023-02-03,VALLE DEL CAUCA,Cali - Cavasa,Cebolla Cabezona,4048.96
2023-02-04,VALLE DEL CAUCA,Cali - Cavasa,Cebolla Cabezona,3992.13
2023-02-05,VALLE DEL CAUCA,Cali - Cavasa,Cebolla Cabezona,4086.74
2023-02-06,VALLE DEL CAUCA,Cali - Cavasa,Cebolla Cabezona,4129.19
2023-02-07,VALLE DEL CAUCA,Cali - Cavasa,Cebolla Cabezona,4030.92
2023-02-08,VALLE DEL CAUCA,Cali - Cavasa,Cebolla Cabezona,3990.35
2023-02-09,VALLE DEL CAUCA,Cali - Cavasa,Cebolla Cabezona,3950.52
2023-02-10,VALLE DEL CAUCA,Cali - Cavasa,Cebolla Cabezona,3924.43
2023-02-11,VALLE DEL CAUCA,Cali - Cavasa,Cebolla Cabezona,4126.13
2023-02-12,VALLE DEL CAUCA,Cali - Cavasa,Cebolla Cabezona,4131.98
2023-02-13,VALLE DEL CAUCA,Cali - Cavasa,Cebolla Cabezona,4035.71
2023-02-14,VALLE DEL CAUCA,Cali - Cavasa,Cebolla Cabezona,4073.94
2023-02-15,VALLE DEL CAUCA,Cali - Cavasa,Cebolla Cabezona,4148.83
2023-02-16,VALLE DEL CAUCA,Cali - Cavasa,Cebolla Cabezona,4077.98
2023-02-17,VALLE DEL CAUCA,Cali - Cavasa,Cebolla Cabezona,4205.08
2023-02-18,VALLE DEL CAUCA,Cali - Cavasa,Cebolla Cabezona,4154.79
2023-02-19,VALLE DEL CAUCA,Cali - Cavasa,Cebolla Cabezona,4135.39
2023-02-20,VALLE DEL CAUCA,Cali - Cavasa,Cebolla Cabezona,4053.52
2023-02-21,VALLE DEL CAUCA,Cali - Cavasa,Cebolla Cabezona,4155.04
2023-02-22,VALLE DEL CAUCA,Cali - Cavasa,Cebolla Cabezona,4026.21
2023-02-23,VALLE DEL CAUCA,Cali - Cavasa,Cebolla Cabezona,4058.14
2023-02-24,VALLE DEL CAUCA,Cali - Cavasa,Cebolla Cabezona,4289.11
2023-02-25,VALLE DEL CAUCA,Cali - Cavasa,Cebolla Cabezona,4116.21
2023-02-26,VALLE DEL CAUCA,Cali - Cavasa,Cebolla Cabezona,3898.74
2023-02-27,VALLE DEL CAUCA,Cali - Cavasa,Cebolla Cabezona,4124.26
2023-02-28,VALLE DEL CAUCA,Cali - Cavasa,Cebolla Cabezona,4283.37
2023-03-01,VALLE DEL CAUCA,Cali - Cavasa,Cebolla Cabezona,3997.54
2023-03-02,VALLE DEL CAUCA,Cali - Cavasa,Cebolla Cabezona,4065.38
2023-03-03,VALLE DEL CAUCA,Cali - Cavasa,Cebolla Cabezona,4151.61
2023-03-04,VALLE DEL CAUCA,Cali - Cavasa,Cebolla Cabezona,4105.85
2023-03-05,VALLE DEL CAUCA,Cali - Cavasa,Cebolla Cabezona,4058.05
2023-03-06,VALLE DEL CAUCA,Cali - Cavasa,Cebolla Cabezona,4119.8
2023-03-07,VALLE DEL CAUCA,Cali - Cavasa,Cebolla Cabezona,3972.33
2023-03-08,VALLE DEL CAUCA,Cali - Cavasa,Cebolla Cabezona,4057.61
2023-03-09,VALLE DEL CAUCA,Cali - Cavasa,Cebolla Cabezona,4113.73
2023-03-10,VALLE DEL CAUCA,Cali - Cavasa,Cebolla Cabezona,4182.51
2023-03-11,VALLE DEL CAUCA,Cali - Cavasa,Cebolla Cabezona,4084.06
2023-03-12,VALLE DEL CAUCA,Cali - Cavasa,Cebolla Cabezona,4158.6
2023-03-13,VALLE DEL CAUCA,Cali - Cavasa,Cebolla Cabezona,4154.42
2023-03-14,VALLE DEL CAUCA,Cali - Cavasa,Cebolla Cabezona,4091.68
2023-03-15,VALLE DEL CAUCA,Cali - Cavasa,Cebolla Cabezona,4179.84
2023-03-16,VALLE DEL CAUCA,Cali - Cavasa,Cebolla Cabezona,3955.95
2023-03-17,VALLE DEL CAUCA,Cali - Cavasa,Cebolla Cabezona,4109.06
2023-03-18,VALLE DEL CAUCA,Cali - Cavasa,Cebolla Cabezona,4154.14
2023-03-19,VALLE DEL CAUCA,Cali - Cavasa,Cebolla Cabezona,3999.83
2023-03-20,VALLE DEL CAUCA,Cali - Cavasa,Cebolla Cabezona,4102.23
2023-03-21,VALLE DEL CAUCA,Cali - Cavasa,Cebolla Cabezona,4120.52
2023-03-22,VALLE DEL CAUCA,Cali - Cavasa,Cebolla Cabezona,4175.95
2023-03-23,VALLE DEL CAUCA,Cali - Cavasa,Cebolla Cabezona,4252.43
2023-03-24,VALLE DEL CAUCA,Cali - Cavasa,Cebolla Cabezona,4253.63
2023-03-25,VALLE DEL CAUCA,Cali - Cavasa,Cebolla Cabezona,3968.47
2023-03-26,VALLE DEL CAUCA,Cali - Cavasa,Cebolla Cabezona,3999.09
2023-03-27,VALLE DEL CAUCA,Cali - Cavasa,Cebolla Cabezona,4055.12
2023-03-28,VALLE DEL CAUCA,Cali - Cavasa,Cebolla Cabezona,4098.31
2023-03-29,VALLE DEL CAUCA,Cali - Cavasa,Cebolla Cabezona,4203.02
2023-03-30,VALLE DEL CAUCA,Cali - Cavasa,Cebolla Cabezona,4131.49
2023-03-31,VALLE DEL CAUCA,Cali - Cavasa,Cebolla Cabezona,4087.97
2023-04-01,VALLE DEL CAUCA,Cali - Cavasa,Cebolla Cabezona,4262.26
2023-04-02,VALLE DEL CAUCA,Cali - Cavasa,Cebolla Cabezona,4196.12
2023-04-03,VALLE DEL CAUCA,Cali - Cavasa,Cebolla Cabezona,4259.43
2023-04-04,VALLE DEL CAUCA,Cali - Cavasa,Cebolla Cabezona,4199.66
2023-04-05,VALLE DEL CAUCA,Cali - Cavasa,Cebolla Cabezona,4232.7
2023-04-06,VALLE DEL CAUCA,Cali - Cavasa,Cebolla Cabezona,4304.46
2023-04-07,VALLE DEL CAUCA,Cali - Cavasa,Cebolla Cabezona,4049.66
2023-04-08,VALLE DEL CAUCA,Cali - Cavasa,Cebolla Cabezona,4127.82
2023-04-09,VALLE DEL CAUCA,Cali - Cavasa,Cebolla Cabezona,4055.9
2023-04-10,VALLE DEL CAUCA,Cali - Cavasa,Cebolla Cabezona,4212.23
2023-04-11,VALLE DEL CAUCA,Cali - Cavasa,Cebolla Cabezona,4278.39
2023-04-12,VALLE DEL CAUCA,Cali - Cavasa,Cebolla Cabezona,4189.12
2023-04-13,VALLE DEL CAUCA,Cali - Cavasa,Cebolla Cabezona,4294.33
2023-04-14,VALLE DEL CAUCA,Cali - Cavasa,Cebolla Cabezona,4209.98
2023-04-15,VALLE DEL CAUCA,Cali - Cavasa,Cebolla Cabezona,4182.09
2023-04-16,VALLE DEL CAUCA,Cali - Cavasa,Cebolla Cabezona,4131.52
2023-04-17,VALLE DEL CAUCA,Cali - Cavasa,Cebolla Cabezona,3981.19
2023-04-18,VALLE DEL CAUCA,Cali - Cavasa,Cebolla Cabezona,4228.82
2023-04-19,VALLE DEL CAUCA,Cali - Cavasa,Cebolla Cabezona,4121.46
2023-04-20,VALLE DEL CAUCA,Cali - Cavasa,Cebolla Cabezona,4189.62
2023-04-21,VALLE DEL CAUCA,Cali - Cavasa,Cebolla Cabezona,4223.94
2023-04-22,VALLE DEL CAUCA,Cali - Cavasa,Cebolla Cabezona,4045.66
2023-04-23,VALLE DEL CAUCA,Cali - Cavasa,Cebolla Cabezona,4198.98
2023-04-24,VALLE DEL CAUCA,Cali - Cavasa,Cebolla Cabezona,4083.04
2023-04-25,VALLE DEL CAUCA,Cali - Cavasa,Cebolla Cabezona,4188.65
2023-04-26,VALLE DEL CAUCA,Cali - Cavasa,Cebolla Cabezona,4180.29
2023-04-27,VALLE DEL CAUCA,Cali - Cavasa,Cebolla Cabezona,4059.43
2023-04-28,VALLE DEL CAUCA,Cali - Cavasa,Cebolla Cabezona,4112.8
2023-04-29,VALLE DEL CAUCA,Cali - Cavasa,Cebolla Cabezona,4278.33
2023-04-30,VALLE DEL CAUCA,Cali - Cavasa,Cebolla Cabezona,4271.04
2023-05-01,VALLE DEL CAUCA,Cali - Cavasa,Cebolla Cabezona,4204.32
2023-05-02,VALLE DEL CAUCA,Cali - Cavasa,Cebolla Cabezona,3926.61
2023-05-03,VALLE DEL CAUCA,Cali - Cavasa,Cebolla Cabezona,4217.06
2023-05-04,VALLE DEL CAUCA,Cali - Cavasa,Cebolla Cabezona,4218.57
2023-05-05,VALLE DEL CAUCA,Cali - Cavasa,Cebolla Cabezona,4188.36
2023-05-06,VALLE DEL CAUCA,Cali - Cavasa,Cebolla Cabezona,4267.83
2023-05-07,VALLE DEL CAUCA,Cali - Cavasa,Cebolla Cabezona,4319.98
2023-05-08,VALLE DEL CAUCA,Cali - Cavasa,Cebolla Cabezona,4157.76
2023-05-09,VALLE DEL CAUCA,Cali - Cavasa,Cebolla Cabezona,4187.06
2023-05-10,VALLE DEL CAUCA,Cali - Cavasa,Cebolla Cabezona,4174.12
2023-05-11,VALLE DEL CAUCA,Cali - Cavasa,Cebolla Cabezona,4110.31
2023-05-12,VALLE DEL CAUCA,Cali - Cavasa,Cebolla Cabezona,4283.38
2023-05-13,VALLE DEL CAUCA,Cali - Cavasa,Cebolla Cabezona,4252.63
2023-05-14,VALLE DEL CAUCA,Cali - Cavasa,Cebolla Cabezona,4159.79
2023-05-15,VALLE DEL CAUCA,Cali - Cavasa,Cebolla Cabezona,4096.92
2023-05-16,VALLE DEL CAUCA,Cali - Cavasa,Cebolla Cabezona,4239.71
2023-05-17,VALLE DEL CAUCA,Cali - Cavasa,Cebolla Cabezona,4208.33
2023-05-18,VALLE DEL CAUCA,Cali - Cavasa,Cebolla Cabezona,4232.32
2023-05-19,VALLE DEL CAUCA,Cali - Cavasa,Cebolla Cabezona,4316.76
2023-05-20,VALLE DEL CAUCA,Cali - Cavasa,Cebolla Cabezona,4246.71
2023-05-21,VALLE DEL CAUCA,Cali - Cavasa,Cebolla Cabezona,4124.57
2023-05-22,VALLE DEL CAUCA,Cali - Cavasa,Cebolla Cabezona,4136.67
2023-05-23,VALLE DEL CAUCA,Cali - Cavasa,Cebolla Cabezona,4231.94
2023-05-24,VALLE DEL CAUCA,Cali - Cavasa,Cebolla Cabezona,4253.15
2023-05-25,VALLE DEL CAUCA,Cali - Cavasa,Cebolla Cabezona,4160.17
2023-05-26,VALLE DEL CAUCA,Cali - Cavasa,Cebolla Cabezona,4366.54
2023-05-27,VALLE DEL CAUCA,Cali - Cavasa,Cebolla Cabezona,4233.3
2023-05-28,VALLE DEL CAUCA,Cali - Cavasa,Cebolla Cabezona,4065.24
2023-05-29,VALLE DEL CAUCA,Cali - Cavasa,Cebolla Cabezona,4159.29
2023-05-30,VALLE DEL CAUCA,Cali - Cavasa,Cebolla Cabezona,4165.25
2023-05-31,VALLE DEL CAUCA,Cali - Cavasa,Cebolla Cabezona,4251.55
2023-06-01,VALLE DEL CAUCA,Cali - Cavasa,Cebolla Cabezona,4319.34
2023-06-02,VALLE DEL CAUCA,Cali - Cavasa,Cebolla Cabezona,4101.11
2023-06-03,VALLE DEL CAUCA,Cali - Cavasa,Cebolla Cabezona,4192.39
2023-06-04,VALLE DEL CAUCA,Cali - Cavasa,Cebolla Cabezona,4210.19
2023-06-05,VALLE DEL CAUCA,Cali - Cavasa,Cebolla Cabezona,4067.14
2023-06-06,VALLE DEL CAUCA,Cali - Cavasa,Cebolla Cabezona,4174.43
2023-06-07,VALLE DEL CAUCA,Cali - Cavasa,Cebolla Cabezona,4284.8
2023-06-08,VALLE DEL CAUCA,Cali - Cavasa,Cebolla Cabezona,4204.84
2023-06-09,VALLE DEL CAUCA,Cali - Cavasa,Cebolla Cabezona,4344.72
2023-06-10,VALLE DEL CAUCA,Cali - Cavasa,Cebolla Cabezona,4410.7
2023-06-11,VALLE DEL CAUCA,Cali - Cavasa,Cebolla Cabezona,4181.75
2023-06-12,VALLE DEL CAUCA,Cali - Cavasa,Cebolla Cabezona,4010.61
2023-06-13,VALLE DEL CAUCA,Cali - Cavasa,Cebolla Cabezona,4000.93
2023-06-14,VALLE DEL CAUCA,Cali - Cavasa,Cebolla Cabezona,4228.48
2023-06-15,VALLE DEL CAUCA,Cali - Cavasa,Cebolla Cabezona,4217.87
2023-06-16,VALLE DEL CAUCA,Cali - Cavasa,Cebolla Cabezona,4203.82
2023-06-17,VALLE DEL CAUCA,Cali - Cavasa,Cebolla Cabezona,4418.39
2023-06-18,VALLE DEL CAUCA,Cali - Cavasa,Cebolla Cabezona,4247.24
2023-06-19,VALLE DEL CAUCA,Cali - Cavasa,Cebolla Cabezona,4295.38
2023-06-20,VALLE DEL CAUCA,Cali - Cavasa,Cebolla Cabezona,4387.36
2023-06-21,VALLE DEL CAUCA,Cali - Cavasa,Cebolla Cabezona,4301.18
2023-06-22,VALLE DEL CAUCA,Cali - Cavasa,Cebolla Cabezona,4315.8
2023-06-23,VALLE DEL CAUCA,Cali - Cavasa,Cebolla Cabezona,4291.3
2023-06-24,VALLE DEL CAUCA,Cali - Cavasa,Cebolla Cabezona,4177.59
2023-06-25,VALLE DEL CAUCA,Cali - Cavasa,Cebolla Cabezona,3959.45
2023-06-26,VALLE DEL CAUCA,Cali - Cavasa,Cebolla Cabezona,4176.61
2023-06-27,VALLE DEL CAUCA,Cali - Cavasa,Cebolla Cabezona,4227.08
2023-06-28,VALLE DEL CAUCA,Cali - Cavasa,Cebolla Cabezona,4495.06
2023-06-29,VALLE DEL CAUCA,Cali - Cavasa,Cebolla Cabezona,4113.5
2023-06-30,VALLE DEL CAUCA,Cali - Cavasa,Cebolla Cabezona,4262.23
2023-07-01,VALLE DEL CAUCA,Cali - Cavasa,Cebolla Cabezona,4259.76
2023-07-02,VALLE DEL CAUCA,Cali - Cavasa,Cebolla Cabezona,4372.5
2023-07-03,VALLE DEL CAUCA,Cali - Cavasa,Cebolla Cabezona,4306.2
2023-07-04,VALLE DEL CAUCA,Cali - Cavasa,Cebolla Cabezona,4302.98
2023-07-05,VALLE DEL CAUCA,Cali - Cavasa,Cebolla Cabezona,4271.78
2023-07-06,VALLE DEL CAUCA,Cali - Cavasa,Cebolla Cabezona,4087.58
2023-07-07,VALLE DEL CAUCA,Cali - Cavasa,Cebolla Cabezona,4281.96
2023-07-08,VALLE DEL CAUCA,Cali - Cavasa,Cebolla Cabezona,4260.44
2023-07-09,VALLE DEL CAUCA,Cali - Cavasa,Cebolla Cabezona,4153.06
2023-07-10,VALLE DEL CAUCA,Cali - Cavasa,Cebolla Cabezona,4188.75
2023-07-11,VALLE DEL CAUCA,Cali - Cavasa,Cebolla Cabezona,4259.14
2023-07-12,VALLE DEL CAUCA,Cali - Cavasa,Cebolla Cabezona,4371.74
2023-07-13,VALLE DEL CAUCA,Cali - Cavasa,Cebolla Cabezona,4204.8
2023-07-14,VALLE DEL CAUCA,Cali - Cavasa,Cebolla Cabezona,4411.38
2023-07-15,VALLE DEL CAUCA,Cali - Cavasa,Cebolla Cabezona,4082.94
2023-07-16,VALLE DEL CAUCA,Cali - Cavasa,Cebolla Cabezona,4358.6
2023-07-17,VALLE DEL CAUCA,Cali - Cavasa,Cebolla Cabezona,4395.66
2023-07-18,VALLE DEL CAUCA,Cali - Cavasa,Cebolla Cabezona,4353.97
2023-07-19,VALLE DEL CAUCA,Cali - Cavasa,Cebolla Cabezona,4232.95
2023-07-20,VALLE DEL CAUCA,Cali - Cavasa,Cebolla Cabezona,4199.85
2023-07-21,VALLE DEL CAUCA,Cali - Cavasa,Cebolla Cabezona,4439.05
2023-07-22,VALLE DEL CAUCA,Cali - Cavasa,Cebolla Cabezona,4327.21
2023-07-23,VALLE DEL CAUCA,Cali - Cavasa,Cebolla Cabezona,4325.37
2023-07-24,VALLE DEL CAUCA,Cali - Cavasa,Cebolla Cabezona,4221.74
2023-07-25,VALLE DEL CAUCA,Cali - Cavasa,Cebolla Cabezona,4151.99
2023-07-26,VALLE DEL CAUCA,Cali - Cavasa,Cebolla Cabezona,4279.31
2023-07-27,VALLE DEL CAUCA,Cali - Cavasa,Cebolla Cabezona,4329.84
2023-07-28,VALLE DEL CAUCA,Cali - Cavasa,Cebolla Cabezona,4263.49
2023-07-29,VALLE DEL CAUCA,Cali - Cavasa,Cebolla Cabezona,4304.31
2023-07-30,VALLE DEL CAUCA,Cali - Cavasa,Cebolla Cabezona,4345.12
2023-07-31,VALLE DEL CAUCA,Cali - Cavasa,Cebolla Cabezona,4332.79
2023-08-01,VALLE DEL CAUCA,Cali - Cavasa,Cebolla Cabezona,4535.72
2023-08-02,VALLE DEL CAUCA,Cali - Cavasa,Cebolla Cabezona,4293.51
2023-08-03,VALLE DEL CAUCA,Cali - Cavasa,Cebolla Cabezona,4364.55
2023-08-04,VALLE DEL CAUCA,Cali - Cavasa,Cebolla Cabezona,4327.64
2023-08-05,VALLE DEL CAUCA,Cali - Cavasa,Cebolla Cabezona,4339.02
2023-08-06,VALLE DEL CAUCA,Cali - Cavasa,Cebolla Cabezona,4253.55
2023-08-07,VALLE DEL CAUCA,Cali - Cavasa,Cebolla Cabezona,4279.13
2023-08-08,VALLE DEL CAUCA,Cali - Cavasa,Cebolla Cabezona,4425.62
2023-08-09,VALLE DEL CAUCA,Cali - Cavasa,Cebolla Cabezona,4242.63
2023-08-10,VALLE DEL CAUCA,Cali - Cavasa,Cebolla Cabezona,4233.23
2023-08-11,VALLE DEL CAUCA,Cali - Cavasa,Cebolla Cabezona,4455.51
2023-08-12,VALLE DEL CAUCA,Cali - Cavasa,Cebolla Cabezona,4407.59
2023-08-13,VALLE DEL CAUCA,Cali - Cavasa,Cebolla Cabezona,4376.8
2023-08-14,VALLE DEL CAUCA,Cali - Cavasa,Cebolla Cabezona,4416.25
2023-08-15,VALLE DEL CAUCA,Cali - Cavasa,Cebolla Cabezona,4196.6
2023-08-16,VALLE DEL CAUCA,Cali - Cavasa,Cebolla Cabezona,4303.97
2023-08-17,VALLE DEL CAUCA,Cali - Cavasa,Cebolla Cabezona,4325.1
2023-08-18,VALLE DEL CAUCA,Cali - Cavasa,Cebolla Cabezona,4462.65
2023-08-19,VALLE DEL CAUCA,Cali - Cavasa,Cebolla Cabezona,4565.36
2023-08-20,VALLE DEL CAUCA,Cali - Cavasa,Cebolla Cabezona,4355.28
2023-08-21,VALLE DEL CAUCA,Cali - Cavasa,Cebolla Cabezona,4319.34
2023-08-22,VALLE DEL CAUCA,Cali - Cavasa,Cebolla Cabezona,4426.07
2023-08-23,VALLE DEL CAUCA,Cali - Cavasa,Cebolla Cabezona,4377.18
2023-08-24,VALLE DEL CAUCA,Cali - Cavasa,Cebolla Cabezona,4343.95
2023-08-25,VALLE DEL CAUCA,Cali - Cavasa,Cebolla Cabezona,4263.63
2023-08-26,VALLE DEL CAUCA,Cali - Cavasa,Cebolla Cabezona,4447.73
2023-08-27,VALLE DEL CAUCA,Cali - Cavasa,Cebolla Cabezona,4338.38
2023-08-28,VALLE DEL CAUCA,Cali - Cavasa,Cebolla Cabezona,4462.63
2023-08-29,VALLE DEL CAUCA,Cali - Cavasa,Cebolla Cabezona,4434.99
2023-08-30,VALLE DEL CAUCA,Cali - Cavasa,Cebolla Cabezona,4354.59
2023-08-31,VALLE DEL CAUCA,Cali - Cavasa,Cebolla Cabezona,4357.62
2023-09-01,VALLE DEL CAUCA,Cali - Cavasa,Cebolla Cabezona,4452.36
2023-09-02,VALLE DEL CAUCA,Cali - Cavasa,Cebolla Cabezona,4133.91
2023-09-03,VALLE DEL CAUCA,Cali - Cavasa,Cebolla Cabezona,4508.79
2023-09-04,VALLE DEL CAUCA,Cali - Cavasa,Cebolla Cabezona,4296.57
2023-09-05,VALLE DEL CAUCA,Cali - Cavasa,Cebolla Cabezona,4231.9
2023-09-06,VALLE DEL CAUCA,Cali - Cavasa,Cebolla Cabezona,4421.2
2023-09-07,VALLE DEL CAUCA,Cali - Cavasa,Cebolla Cabezona,4388.92
2023-09-08,VALLE DEL CAUCA,Cali - Cavasa,Cebolla Cabezona,4460.31
2023-09-09,VALLE DEL CAUCA,Cali - Cavasa,Cebolla Cabezona,4421.81
2023-09-10,VALLE DEL CAUCA,Cali - Cavasa,Cebolla Cabezona,4382.68
2023-09-11,VALLE DEL CAUCA,Cali - Cavasa,Cebolla Cabezona,4288.67
2023-09-12,VALLE DEL CAUCA,Cali - Cavasa,Cebolla Cabezona,4350.52
2023-09-13,VALLE DEL CAUCA,Cali - Cavasa,Cebolla Cabezona,4193.48
2023-09-14,VALLE DEL CAUCA,Cali - Cavasa,Cebolla Cabezona,4307.01
2023-09-15,VALLE DEL CAUCA,Cali - Cavasa,Cebolla Cabezona,4394.37
2023-09-16,VALLE DEL CAUCA,Cali - Cavasa,Cebolla Cabezona,4381.54
2023-09-17,VALLE DEL CAUCA,Cali - Cavasa,Cebolla Cabezona,4424.57
2023-09-18,VALLE DEL CAUCA,Cali - Cavasa,Cebolla Cabezona,4375.88
2023-09-19,VALLE DEL CAUCA,Cali - Cavasa,Cebolla Cabezona,4584.75
2023-09-20,VALLE DEL CAUCA,Cali - Cavasa,Cebolla Cabezona,4451.34
2023-09-21,VALLE DEL CAUCA,Cali - Cavasa,Cebolla Cabezona,4277.03
2023-09-22,VALLE DEL CAUCA,Cali - Cavasa,Cebolla Cabezona,4482.38
2023-09-23,VALLE DEL CAUCA,Cali - Cavasa,Cebolla Cabezona,4388.24
2023-09-24,VALLE DEL CAUCA,Cali - Cavasa,Cebolla Cabezona,4391.08
2023-09-25,VALLE DEL CAUCA,Cali - Cavasa,Cebolla Cabezona,4216.09
2023-09-26,VALLE DEL CAUCA,Cali - Cavasa,Cebolla Cabezona,4424.8
2023-09-27,VALLE DEL CAUCA,Cali - Cavasa,Cebolla Cabezona,4230.79
2023-09-28,VALLE DEL CAUCA,Cali - Cavasa,Cebolla Cabezona,4457.26
2023-09-29,VALLE DEL CAUCA,Cali - Cavasa,Cebolla Cabezona,4317.97
2023-09-30,VALLE DEL CAUCA,Cali - Cavasa,Cebolla Cabezona,4171.08
2023-10-01,VALLE DEL CAUCA,Cali - Cavasa,Cebolla Cabezona,4310.8
2023-10-02,VALLE DEL CAUCA,Cali - Cavasa,Cebolla Cabezona,4350.33
2023-10-03,VALLE DEL CAUCA,Cali - Cavasa,Cebolla Cabezona,4447.34
2023-10-04,VALLE DEL CAUCA,Cali - Cavasa,Cebolla Cabezona,4453.7
2023-10-05,VALLE DEL CAUCA,Cali - Cavasa,Cebolla Cabezona,4363.47
2023-10-06,VALLE DEL CAUCA,Cali - Cavasa,Cebolla Cabezona,4239.71
2023-10-07,VALLE DEL CAUCA,Cali - Cavasa,Cebolla Cabezona,4516.31
2023-10-08,VALLE DEL CAUCA,Cali - Cavasa,Cebolla Cabezona,4683.74
2023-10-09,VALLE DEL CAUCA,Cali - Cavasa,Cebolla Cabezona,4513.05
2023-10-10,VALLE DEL CAUCA,Cali - Cavasa,Cebolla Cabezona,4320.36
2023-10-11,VALLE DEL CAUCA,Cali - Cavasa,Cebolla Cabezona,4435.55
2023-10-12,VALLE DEL CAUCA,Cali - Cavasa,Cebolla Cabezona,4541.04
2023-10-13,VALLE DEL CAUCA,Cali - Cavasa,Cebolla Cabezona,4582.02
2023-10-14,VALLE DEL CAUCA,Cali - Cavasa,Cebolla Cabezona,4196.68
2023-10-15,VALLE DEL CAUCA,Cali - Cavasa,Cebolla Cabezona,4283.3
2023-10-16,VALLE DEL CAUCA,Cali - Cavasa,Cebolla Cabezona,4335.62
2023-10-17,VALLE DEL CAUCA,Cali - Cavasa,Cebolla Cabezona,4295.75
2023-10-18,VALLE DEL CAUCA,Cali - Cavasa,Cebolla Cabezona,4252.62
2023-10-19,VALLE DEL CAUCA,Cali - Cavasa,Cebolla Cabezona,4483.69
2023-10-20,VALLE DEL CAUCA,Cali - Cavasa,Cebolla Cabezona,4394.33
2023-10-21,VALLE DEL CAUCA,Cali - Cavasa,Cebolla Cabezona,4395.19
2023-10-22,VALLE DEL CAUCA,Cali - Cavasa,Cebolla Cabezona,4352.9
2023-10-23,VALLE DEL CAUCA,Cali - Cavasa,Cebolla Cabezona,4398.67
2023-10-24,VALLE DEL CAUCA,Cali - Cavasa,Cebolla Cabezona,4603.61
2023-10-25,VALLE DEL CAUCA,Cali - Cavasa,Cebolla Cabezona,4451.23
2023-10-26,VALLE DEL CAUCA,Cali - Cavasa,Cebolla Cabezona,4446.62
2023-10-27,VALLE DEL CAUCA,Cali - Cavasa,Cebolla Cabezona,4581.01
2023-10-28,VALLE DEL CAUCA,Cali - Cavasa,Cebolla Cabezona,4407.05
2023-10-29,VALLE DEL CAUCA,Cali - Cavasa,Cebolla Cabezona,4500.88
2023-10-30,VALLE DEL CAUCA,Cali - Cavasa,Cebolla Cabezona,4402.84
2023-10-31,VALLE DEL CAUCA,Cali - Cavasa,Cebolla Cabezona,4572.77
2023-11-01,VALLE DEL CAUCA,Cali - Cavasa,Cebolla Cabezona,4369.98
2023-11-02,VALLE DEL CAUCA,Cali - Cavasa,Cebolla Cabezona,4414.15
2023-11-03,VALLE DEL CAUCA,Cali - Cavasa,Cebolla Cabezona,4292.54
2023-11-04,VALLE DEL CAUCA,Cali - Cavasa,Cebolla Cabezona,4494.79
2023-11-05,VALLE DEL CAUCA,Cali - Cavasa,Cebolla Cabezona,4653.6
2023-11-06,VALLE DEL CAUCA,Cali - Cavasa,Cebolla Cabezona,4542.89
2023-11-07,VALLE DEL CAUCA,Cali - Cavasa,Cebolla Cabezona,4325.79
2023-11-08,VALLE DEL CAUCA,Cali - Cavasa,Cebolla Cabezona,4426.2
2023-11-09,VALLE DEL CAUCA,Cali - Cavasa,Cebolla Cabezona,4564.01
2023-11-10,VALLE DEL CAUCA,Cali - Cavasa,Cebolla Cabezona,4479.62
2023-11-11,VALLE DEL CAUCA,Cali - Cavasa,Cebolla Cabezona,4442.01
2023-11-12,VALLE DEL CAUCA,Cali - Cavasa,Cebolla Cabezona,4571.42
2023-11-13,VALLE DEL CAUCA,Cali - Cavasa,Cebolla Cabezona,4394.24
2023-11-14,VALLE DEL CAUCA,Cali - Cavasa,Cebolla Cabezona,4660.11
2023-11-15,VALLE DEL CAUCA,Cali - Cavasa,Cebolla Cabezona,4489.73
2023-11-16,VALLE DEL CAUCA,Cali - Cavasa,Cebolla Cabezona,4354.0
2023-11-17,VALLE DEL CAUCA,Cali - Cavasa,Cebolla Cabezona,4485.23
2023-11-18,VALLE DEL CAUCA,Cali - Cavasa,Cebolla Cabezona,4397.78
2023-11-19,VALLE DEL CAUCA,Cali - Cavasa,Cebolla Cabezona,4616.54
2023-11-20,VALLE DEL CAUCA,Cali - Cavasa,Cebolla Cabezona,4345.39
2023-11-21,VALLE DEL CAUCA,Cali - Cavasa,Cebolla Cabezona,4461.51
2023-11-22,VALLE DEL CAUCA,Cali - Cavasa,Cebolla Cabezona,4593.59
2023-11-23,VALLE DEL CAUCA,Cali - Cavasa,Cebolla Cabezona,4456.02
2023-11-24,VALLE DEL CAUCA,Cali - Cavasa,Cebolla Cabezona,4516.66
2023-11-25,VALLE DEL CAUCA,Cali - Cavasa,Cebolla Cabezona,4533.67
2023-11-26,VALLE DEL CAUCA,Cali - Cavasa,Cebolla Cabezona,4447.93
2023-11-27,VALLE DEL CAUCA,Cali - Cavasa,Cebolla Cabezona,4411.54
2023-11-28,VALLE DEL CAUCA,Cali - Cavasa,Cebolla Cabezona,4644.86
2023-11-29,VALLE DEL CAUCA,Cali - Cavasa,Cebolla Cabezona,4504.07
2023-11-30,VALLE DEL CAUCA,Cali - Cavasa,Cebolla Cabezona,4417.8
2023-12-01,VALLE DEL CAUCA,Cali - Cavasa,Cebolla Cabezona,4557.67
2023-12-02,VALLE DEL CAUCA,Cali - Cavasa,Cebolla Cabezona,4486.33
2023-12-03,VALLE DEL CAUCA,Cali - Cavasa,Cebolla Cabezona,4669.39
2023-12-04,VALLE DEL CAUCA,Cali - Cavasa,Cebolla Cabezona,4515.46
2023-12-05,VALLE DEL CAUCA,Cali - Cavasa,Cebolla Cabezona,4472.76
2023-12-06,VALLE DEL CAUCA,Cali - Cavasa,Cebolla Cabezona,4520.76
2023-12-07,VALLE DEL CAUCA,Cali - Cavasa,Cebolla Cabezona,4417.22
2023-12-08,VALLE DEL CAUCA,Cali - Cavasa,Cebolla Cabezona,4497.85
2023-12-09,VALLE DEL CAUCA,Cali - Cavasa,Cebolla Cabezona,4322.25
2023-12-10,VALLE DEL CAUCA,Cali - Cavasa,Cebolla Cabezona,4428.95
2023-12-11,VALLE DEL CAUCA,Cali - Cavasa,Cebolla Cabezona,4560.87
2023-12-12,VALLE DEL CAUCA,Cali - Cavasa,Cebolla Cabezona,4381.64
2023-12-13,VALLE DEL CAUCA,Cali - Cavasa,Cebolla Cabezona,4512.49
2023-12-14,VALLE DEL CAUCA,Cali - Cavasa,Cebolla Cabezona,4793.01
2023-12-15,VALLE DEL CAUCA,Cali - Cavasa,Cebolla Cabezona,4453.92
2023-12-16,VALLE DEL CAUCA,Cali - Cavasa,Cebolla Cabezona,4665.68
2023-12-17,VALLE DEL CAUCA,Cali - Cavasa,Cebolla Cabezona,4558.63
2023-12-18,VALLE DEL CAUCA,Cali - Cavasa,Cebolla Cabezona,4810.89
2023-12-19,VALLE DEL CAUCA,Cali - Cavasa,Cebolla Cabezona,4466.79
2023-12-20,VALLE DEL CAUCA,Cali - Cavasa,Cebolla Cabezona,4515.79
2023-12-21,VALLE DEL CAUCA,Cali - Cavasa,Cebolla Cabezona,4443.69
2023-12-22,VALLE DEL CAUCA,Cali - Cavasa,Cebolla Cabezona,4522.01
2023-12-23,VALLE DEL CAUCA,Cali - Cavasa,Cebolla Cabezona,4496.45
2023-12-24,VALLE DEL CAUCA,Cali - Cavasa,Cebolla Cabezona,4486.96
2023-12-25,VALLE DEL CAUCA,Cali - Cavasa,Cebolla Cabezona,4679.74
2023-12-26,VALLE DEL CAUCA,Cali - Cavasa,Cebolla Cabezona,4585.78
2023-12-27,VALLE DEL CAUCA,Cali - Cavasa,Cebolla Cabezona,4432.91
2023-12-28,VALLE DEL CAUCA,Cali - Cavasa,Cebolla Cabezona,4508.01
2023-12-29,VALLE DEL CAUCA,Cali - Cavasa,Cebolla Cabezona,4668.06
2023-12-30,VALLE DEL CAUCA,Cali - Cavasa,Cebolla Cabezona,4680.5
2023-12-31,VALLE DEL CAUCA,Cali - Cavasa,Cebolla Cabezona,4529.56
2023-01-01,VALLE DEL CAUCA,Cali - Cavasa,Papa Capira,2314.97
2023-01-02,VALLE DEL CAUCA,Cali - Cavasa,Papa Capira,2325.83
2023-01-03,VALLE DEL CAUCA,Cali - Cavasa,Papa Capira,2490.82
2023-01-04,VALLE DEL CAUCA,Cali - Cavasa,Papa Capira,2396.63
2023-01-05,VALLE DEL CAUCA,Cali - Cavasa,Papa Capira,2405.51
2023-01-06,VALLE DEL CAUCA,Cali - Cavasa,Papa Capira,2508.73
2023-01-07,VALLE DEL CAUCA,Cali - Cavasa,Papa Capira,2478.62
2023-01-08,VALLE DEL CAUCA,Cali - Cavasa,Papa Capira,2558.68
2023-01-09,VALLE DEL CAUCA,Cali - Cavasa,Papa Capira,2532.75
2023-01-10,VALLE DEL CAUCA,Cali - Cavasa,Papa Capira,2262.07
2023-01-11,VALLE DEL CAUCA,Cali - Cavasa,Papa Capira,2531.3
2023-01-12,VALLE DEL CAUCA,Cali - Cavasa,Papa Capira,2502.64
2023-01-13,VALLE DEL CAUCA,Cali - Cavasa,Papa Capira,2502.8
2023-01-14,VALLE DEL CAUCA,Cali - Cavasa,Papa Capira,2492.22
2023-01-15,VALLE DEL CAUCA,Cali - Cavasa,Papa Capira,2380.92
2023-01-16,VALLE DEL CAUCA,Cali - Cavasa,Papa Capira,2400.29
2023-01-17,VALLE DEL CAUCA,Cali - Cavasa,Papa Capira,2446.67
2023-01-18,VALLE DEL CAUCA,Cali - Cavasa,Papa Capira,2320.08
2023-01-19,VALLE DEL CAUCA,Cali - Cavasa,Papa Capira,2377.73
2023-01-20,VALLE DEL CAUCA,Cali - Cavasa,Papa Capira,2452.62
2023-01-21,VALLE DEL CAUCA,Cali - Cavasa,Papa Capira,2435.72
2023-01-22,VALLE DEL CAUCA,Cali - Cavasa,Papa Capira,2497.67
2023-01-23,VALLE DEL CAUCA,Cali - Cavasa,Papa Capira,2342.7
2023-01-24,VALLE DEL CAUCA,Cali - Cavasa,Papa Capira,2474.17
2023-01-25,VALLE DEL CAUCA,Cali - Cavasa,Papa Capira,2408.44
2023-01-26,VALLE DEL CAUCA,Cali - Cavasa,Papa Capira,2273.63
2023-01-27,VALLE DEL CAUCA,Cali - Cavasa,Papa Capira,2567.24
2023-01-28,VALLE DEL CAUCA,Cali - Cavasa,Papa Capira,2534.49
2023-01-29,VALLE DEL CAUCA,Cali - Cavasa,Papa Capira,2409.22
2023-01-30,VALLE DEL CAUCA,Cali - Cavasa,Papa Capira,2591.09
2023-01-31,VALLE DEL CAUCA,Cali - Cavasa,Papa Capira,2432.08
2023-02-01,VALLE DEL CAUCA,Cali - Cavasa,Papa Capira,2476.14
2023-02-02,VALLE DEL CAUCA,Cali - Cavasa,Papa Capira,2517.47
2023-02-03,VALLE DEL CAUCA,Cali - Cavasa,Papa Capira,2689.73
2023-02-04,VALLE DEL CAUCA,Cali - Cavasa,Papa Capira,2458.63
2023-02-05,VALLE DEL CAUCA,Cali - Cavasa,Papa Capira,2407.6
2023-02-06,VALLE DEL CAUCA,Cali - Cavasa,Papa Capira,2558.18
2023-02-07,VALLE DEL CAUCA,Cali - Cavasa,Papa Capira,2462.06
2023-02-08,VALLE DEL CAUCA,Cali - Cavasa,Papa Capira,2611.43
2023-02-09,VALLE DEL CAUCA,Cali - Cavasa,Papa Capira,2588.55
2023-02-10,VALLE DEL CAUCA,Cali - Cavasa,Papa Capira,2467.62
2023-02-11,VALLE DEL CAUCA,Cali - Cavasa,Papa Capira,2610.89
2023-02-12,VALLE DEL CAUCA,Cali - Cavasa,Papa Capira,2450.58
2023-02-13,VALLE DEL CAUCA,Cali - Cavasa,Papa Capira,2664.54
2023-02-14,VALLE DEL CAUCA,Cali - Cavasa,Papa Capira,2531.6
2023-02-15,VALLE DEL CAUCA,Cali - Cavasa,Papa Capira,2411.62
2023-02-16,VALLE DEL CAUCA,Cali - Cavasa,Papa Capira,2583.96
2023-02-17,VALLE DEL CAUCA,Cali - Cavasa,Papa Capira,2491.27
2023-02-18,VALLE DEL CAUCA,Cali - Cavasa,Papa Capira,2255.21
2023-02-19,VALLE DEL CAUCA,Cali - Cavasa,Papa Capira,2509.66
2023-02-20,VALLE DEL CAUCA,Cali - Cavasa,Papa Capira,2382.89
2023-02-21,VALLE DEL CAUCA,Cali - Cavasa,Papa Capira,2482.04
2023-02-22,VALLE DEL CAUCA,Cali - Cavasa,Papa Capira,2438.03
2023-02-23,VALLE DEL CAUCA,Cali - Cavasa,Papa Capira,2569.23
2023-02-24,VALLE DEL CAUCA,Cali - Cavasa,Papa Capira,2444.72
2023-02-25,VALLE DEL CAUCA,Cali - Cavasa,Papa Capira,2557.59
2023-02-26,VALLE DEL CAUCA,Cali - Cavasa,Papa Capira,2492.23
2023-02-27,VALLE DEL CAUCA,Cali - Cavasa,Papa Capira,2538.23
2023-02-28,VALLE DEL CAUCA,Cali - Cavasa,Papa Capira,2582.7
2023-03-01,VALLE DEL CAUCA,Cali - Cavasa,Papa Capira,2706.34
2023-03-02,VALLE DEL CAUCA,Cali - Cavasa,Papa Capira,2659.1
2023-03-03,VALLE DEL CAUCA,Cali - Cavasa,Papa Capira,2721.5
2023-03-04,VALLE DEL CAUCA,Cali - Cavasa,Papa Capira,2452.6
2023-03-05,VALLE DEL CAUCA,Cali - Cavasa,Papa Capira,2694.14
2023-03-06,VALLE DEL CAUCA,Cali - Cavasa,Papa Capira,2459.44
2023-03-07,VALLE DEL CAUCA,Cali - Cavasa,Papa Capira,2530.94
2023-03-08,VALLE DEL CAUCA,Cali - Cavasa,Papa Capira,2362.34
2023-03-09,VALLE DEL CAUCA,Cali - Cavasa,Papa Capira,2414.18
2023-03-10,VALLE DEL CAUCA,Cali - Cavasa,Papa Capira,2589.36
2023-03-11,VALLE DEL CAUCA,Cali - Cavasa,Papa Capira,2457.7
2023-03-12,VALLE DEL CAUCA,Cali - Cavasa,Papa Capira,2646.11
2023-03-13,VALLE DEL CAUCA,Cali - Cavasa,Papa Capira,2464.0
2023-03-14,VALLE DEL CAUCA,Cali - Cavasa,Papa Capira,2424.7
2023-03-15,VALLE DEL CAUCA,Cali - Cavasa,Papa Capira,2767.09
2023-03-16,VALLE DEL CAUCA,Cali - Cavasa,Papa Capira,2461.69
2023-03-17,VALLE DEL CAUCA,Cali - Cavasa,Papa Capira,2702.63
2023-03-18,VALLE DEL CAUCA,Cali - Cavasa,Papa Capira,2471.8
2023-03-19,VALLE DEL CAUCA,Cali - Cavasa,Papa Capira,2628.33
2023-03-20,VALLE DEL CAUCA,Cali - Cavasa,Papa Capira,2753.63
2023-03-21,VALLE DEL CAUCA,Cali - Cavasa,Papa Capira,2358.27
2023-03-22,VALLE DEL CAUCA,Cali - Cavasa,Papa Capira,2605.4
2023-03-23,VALLE DEL CAUCA,Cali - Cavasa,Papa Capira,2456.56
2023-03-24,VALLE DEL CAUCA,Cali - Cavasa,Papa Capira,2541.96
2023-03-25,VALLE DEL CAUCA,Cali - Cavasa,Papa Capira,2438.58
2023-03-26,VALLE DEL CAUCA,Cali - Cavasa,Papa Capira,2578.56
2023-03-27,VALLE DEL CAUCA,Cali - Cavasa,Papa Capira,2617.9
2023-03-28,VALLE DEL CAUCA,Cali - Cavasa,Papa Capira,2528.14
2023-03-29,VALLE DEL CAUCA,Cali - Cavasa,Papa Capira,2654.34
2023-03-30,VALLE DEL CAUCA,Cali - Cavasa,Papa Capira,2366.06
2023-03-31,VALLE DEL CAUCA,Cali - Cavasa,Papa Capira,2704.6
2023-04-01,VALLE DEL CAUCA,Cali - Cavasa,Papa Capira,2809.74
2023-04-02,VALLE DEL CAUCA,Cali - Cavasa,Papa Capira,2555.04
2023-04-03,VALLE DEL CAUCA,Cali - Cavasa,Papa Capira,2557.02
2023-04-04,VALLE DEL CAUCA,Cali - Cavasa,Papa Capira,2501.95
2023-04-05,VALLE DEL CAUCA,Cali - Cavasa,Papa Capira,2593.05
2023-04-06,VALLE DEL CAUCA,Cali - Cavasa,Papa Capira,2664.32
2023-04-07,VALLE DEL CAUCA,Cali - Cavasa,Papa Capira,2563.06
2023-04-08,VALLE DEL CAUCA,Cali - Cavasa,Papa Capira,2630.04
2023-04-09,VALLE DEL CAUCA,Cali - Cavasa,Papa Capira,2660.23
2023-04-10,VALLE DEL CAUCA,Cali - Cavasa,Papa Capira,2608.8
2023-04-11,VALLE DEL CAUCA,Cali - Cavasa,Papa Capira,2453.93
2023-04-12,VALLE DEL CAUCA,Cali - Cavasa,Papa Capira,2559.6
2023-04-13,VALLE DEL CAUCA,Cali - Cavasa,Papa Capira,2496.55
2023-04-14,VALLE DEL CAUCA,Cali - Cavasa,Papa Capira,2661.31
2023-04-15,VALLE DEL CAUCA,Cali - Cavasa,Papa Capira,2451.04
2023-04-16,VALLE DEL CAUCA,Cali - Cavasa,Papa Capira,2622.64
2023-04-17,VALLE DEL CAUCA,Cali - Cavasa,Papa Capira,2612.86
2023-04-18,VALLE DEL CAUCA,Cali - Cavasa,Papa Capira,2565.94
2023-04-19,VALLE DEL CAUCA,Cali - Cavasa,Papa Capira,2609.71
2023-04-20,VALLE DEL CAUCA,Cali - Cavasa,Papa Capira,2832.22
2023-04-21,VALLE DEL CAUCA,Cali - Cavasa,Papa Capira,2562.35
2023-04-22,VALLE DEL CAUCA,Cali - Cavasa,Papa Capira,2629.75
2023-04-23,VALLE DEL CAUCA,Cali - Cavasa,Papa Capira,2644.02
2023-04-24,VALLE DEL CAUCA,Cali - Cavasa,Papa Capira,2407.89
2023-04-25,VALLE DEL CAUCA,Cali - Cavasa,Papa Capira,2514.54
2023-04-26,VALLE DEL CAUCA,Cali - Cavasa,Papa Capira,2696.03
2023-04-27,VALLE DEL CAUCA,Cali - Cavasa,Papa Capira,2562.44
2023-04-28,VALLE DEL CAUCA,Cali - Cavasa,Papa Capira,2583.13
2023-04-29,VALLE DEL CAUCA,Cali - Cavasa,Papa Capira,2747.75
2023-04-30,VALLE DEL CAUCA,Cali - Cavasa,Papa Capira,2647.5
2023-05-01,VALLE DEL CAUCA,Cali - Cavasa,Papa Capira,2529.47
2023-05-02,VALLE DEL CAUCA,Cali - Cavasa,Papa Capira,2624.32
2023-05-03,VALLE DEL CAUCA,Cali - Cavasa,Papa Capira,2588.32
2023-05-04,VALLE DEL CAUCA,Cali - Cavasa,Papa Capira,2710.8
2023-05-05,VALLE DEL CAUCA,Cali - Cavasa,Papa Capira,2735.25
2023-05-06,VALLE DEL CAUCA,Cali - Cavasa,Papa Capira,2623.76
2023-05-07,VALLE DEL CAUCA,Cali - Cavasa,Papa Capira,2588.89
2023-05-08,VALLE DEL CAUCA,Cali - Cavasa,Papa Capira,2680.44
2023-05-09,VALLE DEL CAUCA,Cali - Cavasa,Papa Capira,2599.38
2023-05-10,VALLE DEL CAUCA,Cali - Cavasa,Papa Capira,2530.86
2023-05-11,VALLE DEL CAUCA,Cali - Cavasa,Papa Capira,2512.51
2023-05-12,VALLE DEL CAUCA,Cali - Cavasa,Papa Capira,2772.93
2023-05-13,VALLE DEL CAUCA,Cali - Cavasa,Papa Capira,2653.42
2023-05-14,VALLE DEL CAUCA,Cali - Cavasa,Papa Capira,2499.53
2023-05-15,VALLE DEL CAUCA,Cali - Cavasa,Papa Capira,2648.25
2023-05-16,VALLE DEL CAUCA,Cali - Cavasa,Papa Capira,2605.52
2023-05-17,VALLE DEL CAUCA,Cali - Cavasa,Papa Capira,2559.28
2023-05-18,VALLE DEL CAUCA,Cali - Cavasa,Papa Capira,2529.73
2023-05-19,VALLE DEL CAUCA,Cali - Cavasa,Papa Capira,2666.57
2023-05-20,VALLE DEL CAUCA,Cali - Cavasa,Papa Capira,2632.84
2023-05-21,VALLE DEL CAUCA,Cali - Cavasa,Papa Capira,2768.68
2023-05-22,VALLE DEL CAUCA,Cali - Cavasa,Papa Capira,2758.53
2023-05-23,VALLE DEL CAUCA,Cali - Cavasa,Papa Capira,2826.38
2023-05-24,VALLE DEL CAUCA,Cali - Cavasa,Papa Capira,2555.01
2023-05-25,VALLE DEL CAUCA,Cali - Cavasa,Papa Capira,2532.6
2023-05-26,VALLE DEL CAUCA,Cali - Cavasa,Papa Capira,2533.44
2023-05-27,VALLE DEL CAUCA,Cali - Cavasa,Papa Capira,2593.28
2023-05-28,VALLE DEL CAUCA,Cali - Cavasa,Papa Capira,2693.43
2023-05-29,VALLE DEL CAUCA,Cali - Cavasa,Papa Capira,2696.24
2023-05-30,VALLE DEL CAUCA,Cali - Cavasa,Papa Capira,2566.36
2023-05-31,VALLE DEL CAUCA,Cali - Cavasa,Papa Capira,2728.99
2023-06-01,VALLE DEL CAUCA,Cali - Cavasa,Papa Capira,2690.01
2023-06-02,VALLE DEL CAUCA,Cali - Cavasa,Papa Capira,2502.56
2023-06-03,VALLE DEL CAUCA,Cali - Cavasa,Papa Capira,2577.38
2023-06-04,VALLE DEL CAUCA,Cali - Cavasa,Papa Capira,2741.3
2023-06-05,VALLE DEL CAUCA,Cali - Cavasa,Papa Capira,2703.64
2023-06-06,VALLE DEL CAUCA,Cali - Cavasa,Papa Capira,2741.25
2023-06-07,VALLE DEL CAUCA,Cali - Cavasa,Papa Capira,2707.17
2023-06-08,VALLE DEL CAUCA,Cali - Cavasa,Papa Capira,2618.59
2023-06-09,VALLE DEL CAUCA,Cali - Cavasa,Papa Capira,2539.36
2023-06-10,VALLE DEL CAUCA,Cali - Cavasa,Papa Capira,2546.3
2023-06-11,VALLE DEL CAUCA,Cali - Cavasa,Papa Capira,2578.32
2023-06-12,VALLE DEL CAUCA,Cali - Cavasa,Papa Capira,2498.08
2023-06-13,VALLE DEL CAUCA,Cali - Cavasa,Papa Capira,2702.81
2023-06-14,VALLE DEL CAUCA,Cali - Cavasa,Papa Capira,2725.27
2023-06-15,VALLE DEL CAUCA,Cali - Cavasa,Papa Capira,2595.48
2023-06-16,VALLE DEL CAUCA,Cali - Cavasa,Papa Capira,2660.15
2023-06-17,VALLE DEL CAUCA,Cali - Cavasa,Papa Capira,2617.19
2023-06-18,VALLE DEL CAUCA,Cali - Cavasa,Papa Capira,2631.44
2023-06-19,VALLE DEL CAUCA,Cali - Cavasa,Papa Capira,2394.8
2023-06-20,VALLE DEL CAUCA,Cali - Cavasa,Papa Capira,2801.93
2023-06-21,VALLE DEL CAUCA,Cali - Cavasa,Papa Capira,2816.24
2023-06-22,VALLE DEL CAUCA,Cali - Cavasa,Papa Capira,2654.45
2023-06-23,VALLE DEL CAUCA,Cali - Cavasa,Papa Capira,2596.65
2023-06-24,VALLE DEL CAUCA,Cali - Cavasa,Papa Capira,2948.68
2023-06-25,VALLE DEL CAUCA,Cali - Cavasa,Papa Capira,2444.32
2023-06-26,VALLE DEL CAUCA,Cali - Cavasa,Papa Capira,2693.86
2023-06-27,VALLE DEL CAUCA,Cali - Cavasa,Papa Capira,2818.65
2023-06-28,VALLE DEL CAUCA,Cali - Cavasa,Papa Capira,2802.08
2023-06-29,VALLE DEL CAUCA,Cali - Cavasa,Papa Capira,2711.63
2023-06-30,VALLE DEL CAUCA,Cali - Cavasa,Papa Capira,2814.42
2023-07-01,VALLE DEL CAUCA,Cali - Cavasa,Papa Capira,2667.75
2023-07-02,VALLE DEL CAUCA,Cali - Cavasa,Papa Capira,2725.55
2023-07-03,VALLE DEL CAUCA,Cali - Cavasa,Papa Capira,2514.06
2023-07-04,VALLE DEL CAUCA,Cali - Cavasa,Papa Capira,2704.25
2023-07-05,VALLE DEL CAUCA,Cali - Cavasa,Papa Capira,2747.83
2023-07-06,VALLE DEL CAUCA,Cali - Cavasa,Papa Capira,2880.88
2023-07-07,VALLE DEL CAUCA,Cali - Cavasa,Papa Capira,2623.72
2023-07-08,VALLE DEL CAUCA,Cali - Cavasa,Papa Capira,2816.04
2023-07-09,VALLE DEL CAUCA,Cali - Cavasa,Papa Capira,2780.73
2023-07-10,VALLE DEL CAUCA,Cali - Cavasa,Papa Capira,2850.93
2023-07-11,VALLE DEL CAUCA,Cali - Cavasa,Papa Capira,2630.59
2023-07-12,VALLE DEL CAUCA,Cali - Cavasa,Papa Capira,2621.93
2023-07-13,VALLE DEL CAUCA,Cali - Cavasa,Papa Capira,2629.06
2023-07-14,VALLE DEL CAUCA,Cali - Cavasa,Papa Capira,2721.87
2023-07-15,VALLE DEL CAUCA,Cali - Cavasa,Papa Capira,2651.65
2023-07-16,VALLE DEL CAUCA,Cali - Cavasa,Papa Capira,2701.27
2023-07-17,VALLE DEL CAUCA,Cali - Cavasa,Papa Capira,2707.31
2023-07-18,VALLE DEL CAUCA,Cali - Cavasa,Papa Capira,2648.87
2023-07-19,VALLE DEL CAUCA,Cali - Cavasa,Papa Capira,2575.92
2023-07-20,VALLE DEL CAUCA,Cali - Cavasa,Papa Capira,2830.48
2023-07-21,VALLE DEL CAUCA,Cali - Cavasa,Papa Capira,2747.41
2023-07-22,VALLE DEL CAUCA,Cali - Cavasa,Papa Capira,2608.51
2023-07-23,VALLE DEL CAUCA,Cali - Cavasa,Papa Capira,2739.24
2023-07-24,VALLE DEL CAUCA,Cali - Cavasa,Papa Capira,2676.36
2023-07-25,VALLE DEL CAUCA,Cali - Cavasa,Papa Capira,2737.36
2023-07-26,VALLE DEL CAUCA,Cali - Cavasa,Papa Capira,2811.08
2023-07-27,VALLE DEL CAUCA,Cali - Cavasa,Papa Capira,2731.16
2023-07-28,VALLE DEL CAUCA,Cali - Cavasa,Papa Capira,2888.19
2023-07-29,VALLE DEL CAUCA,Cali - Cavasa,Papa Capira,2713.61
2023-07-30,VALLE DEL CAUCA,Cali - Cavasa,Papa Capira,2727.07
2023-07-31,VALLE DEL CAUCA,Cali - Cavasa,Papa Capira,2747.84
2023-08-01,VALLE DEL CAUCA,Cali - Cavasa,Papa Capira,2809.95
2023-08-02,VALLE DEL CAUCA,Cali - Cavasa,Papa Capira,2726.55
2023-08-03,VALLE DEL CAUCA,Cali - Cavasa,Papa Capira,2601.22
2023-08-04,VALLE DEL CAUCA,Cali - Cavasa,Papa Capira,2880.27
2023-08-05,VALLE DEL CAUCA,Cali - Cavasa,Papa Capira,2886.52
2023-08-06,VALLE DEL CAUCA,Cali - Cavasa,Papa Capira,2722.29
2023-08-07,VALLE DEL CAUCA,Cali - Cavasa,Papa Capira,2883.99
2023-08-08,VALLE DEL CAUCA,Cali - Cavasa,Papa Capira,2642.25
2023-08-09,VALLE DEL CAUCA,Cali - Cavasa,Papa Capira,2946.41
2023-08-10,VALLE DEL CAUCA,Cali - Cavasa,Papa Capira,2787.23
2023-08-11,VALLE DEL CAUCA,Cali - Cavasa,Papa Capira,2761.93
2023-08-12,VALLE DEL CAUCA,Cali - Cavasa,Papa Capira,2520.23
2023-08-13,VALLE DEL CAUCA,Cali - Cavasa,Papa Capira,2809.53
2023-08-14,VALLE DEL CAUCA,Cali - Cavasa,Papa Capira,2820.05
2023-08-15,VALLE DEL CAUCA,Cali - Cavasa,Papa Capira,2658.24
2023-08-16,VALLE DEL CAUCA,Cali - Cavasa,Papa Capira,2774.63
2023-08-17,VALLE DEL CAUCA,Cali - Cavasa,Papa Capira,2800.45
2023-08-18,VALLE DEL CAUCA,Cali - Cavasa,Papa Capira,2618.94
2023-08-19,VALLE DEL CAUCA,Cali - Cavasa,Papa Capira,2704.25
2023-08-20,VALLE DEL CAUCA,Cali - Cavasa,Papa Capira,2796.04
2023-08-21,VALLE DEL CAUCA,Cali - Cavasa,Papa Capira,2760.99
2023-08-22,VALLE DEL CAUCA,Cali - Cavasa,Papa Capira,2748.59
2023-08-23,VALLE DEL CAUCA,Cali - Cavasa,Papa Capira,2742.29
2023-08-24,VALLE DEL CAUCA,Cali - Cavasa,Papa Capira,2655.19
2023-08-25,VALLE DEL CAUCA,Cali - Cavasa,Papa Capira,2870.62
2023-08-26,VALLE DEL CAUCA,Cali - Cavasa,Papa Capira,2733.55
2023-08-27,VALLE DEL CAUCA,Cali - Cavasa,Papa Capira,2752.05
2023-08-28,VALLE DEL CAUCA,Cali - Cavasa,Papa Capira,2633.05
2023-08-29,VALLE DEL CAUCA,Cali - Cavasa,Papa Capira,2704.3
2023-08-30,VALLE DEL CAUCA,Cali - Cavasa,Papa Capira,2858.85
2023-08-31,VALLE DEL CAUCA,Cali - Cavasa,Papa Capira,2560.04
2023-09-01,VALLE DEL CAUCA,Cali - Cavasa,Papa Capira,2749.95
2023-09-02,VALLE DEL CAUCA,Cali - Cavasa,Papa Capira,2748.96
2023-09-03,VALLE DEL CAUCA,Cali - Cavasa,Papa Capira,2909.25
2023-09-04,VALLE DEL CAUCA,Cali - Cavasa,Papa Capira,2759.04
2023-09-05,VALLE DEL CAUCA,Cali - Cavasa,Papa Capira,2663.23
2023-09-06,VALLE DEL CAUCA,Cali - Cavasa,Papa Capira,2929.49
2023-09-07,VALLE DEL CAUCA,Cali - Cavasa,Papa Capira,2715.97
2023-09-08,VALLE DEL CAUCA,Cali - Cavasa,Papa Capira,2842.29
2023-09-09,VALLE DEL CAUCA,Cali - Cavasa,Papa Capira,2704.65
2023-09-10,VALLE DEL CAUCA,Cali - Cavasa,Papa Capira,2683.03
2023-09-11,VALLE DEL CAUCA,Cali - Cavasa,Papa Capira,3015.7
2023-09-12,VALLE DEL CAUCA,Cali - Cavasa,Papa Capira,2797.75
2023-09-13,VALLE DEL CAUCA,Cali - Cavasa,Papa Capira,2902.79
2023-09-14,VALLE DEL CAUCA,Cali - Cavasa,Papa Capira,3008.33
2023-09-15,VALLE DEL CAUCA,Cali - Cavasa,Papa Capira,2790.54
2023-09-16,VALLE DEL CAUCA,Cali - Cavasa,Papa Capira,2742.87
2023-09-17,VALLE DEL CAUCA,Cali - Cavasa,Papa Capira,2730.85
2023-09-18,VALLE DEL CAUCA,Cali - Cavasa,Papa Capira,2868.6
2023-09-19,VALLE DEL CAUCA,Cali - Cavasa,Papa Capira,2753.02
2023-09-20,VALLE DEL CAUCA,Cali - Cavasa,Papa Capira,2967.2
2023-09-21,VALLE DEL CAUCA,Cali - Cavasa,Papa Capira,2812.2
2023-09-22,VALLE DEL CAUCA,Cali - Cavasa,Papa Capira,2895.24
2023-09-23,VALLE DEL CAUCA,Cali - Cavasa,Papa Capira,2975.69
2023-09-24,VALLE DEL CAUCA,Cali - Cavasa,Papa Capira,2773.29
2023-09-25,VALLE DEL CAUCA,Cali - Cavasa,Papa Capira,3026.85
2023-09-26,VALLE DEL CAUCA,Cali - Cavasa,Papa Capira,2824.99
2023-09-27,VALLE DEL CAUCA,Cali - Cavasa,Papa Capira,2615.4
2023-09-28,VALLE DEL CAUCA,Cali - Cavasa,Papa Capira,2597.34
2023-09-29,VALLE DEL CAUCA,Cali - Cavasa,Papa Capira,2822.52
2023-09-30,VALLE DEL CAUCA,Cali - Cavasa,Papa Capira,2812.75
2023-10-01,VALLE DEL CAUCA,Cali - Cavasa,Papa Capira,2973.08
2023-10-02,VALLE DEL CAUCA,Cali - Cavasa,Papa Capira,2656.01
2023-10-03,VALLE DEL CAUCA,Cali - Cavasa,Papa Capira,2769.42
2023-10-04,VALLE DEL CAUCA,Cali - Cavasa,Papa Capira,2837.47
2023-10-05,VALLE DEL CAUCA,Cali - Cavasa,Papa Capira,2738.99
2023-10-06,VALLE DEL CAUCA,Cali - Cavasa,Papa Capira,2855.0
2023-10-07,VALLE DEL CAUCA,Cali - Cavasa,Papa Capira,2947.54
2023-10-08,VALLE DEL CAUCA,Cali - Cavasa,Papa Capira,2800.93
2023-10-09,VALLE DEL CAUCA,Cali - Cavasa,Papa Capira,2779.04
2023-10-10,VALLE DEL CAUCA,Cali - Cavasa,Papa Capira,3029.27
2023-10-11,VALLE DEL CAUCA,Cali - Cavasa,Papa Capira,3001.64
2023-10-12,VALLE DEL CAUCA,Cali - Cavasa,Papa Capira,2876.14
2023-10-13,VALLE DEL CAUCA,Cali - Cavasa,Papa Capira,2988.85
2023-10-14,VALLE DEL CAUCA,Cali - Cavasa,Papa Capira,2966.3
2023-10-15,VALLE DEL CAUCA,Cali - Cavasa,Papa Capira,2877.2
2023-10-16,VALLE DEL CAUCA,Cali - Cavasa,Papa Capira,2971.4
2023-10-17,VALLE DEL CAUCA,Cali - Cavasa,Papa Capira,2748.1
2023-10-18,VALLE DEL CAUCA,Cali - Cavasa,Papa Capira,2854.89
2023-10-19,VALLE DEL CAUCA,Cali - Cavasa,Papa Capira,2978.97
2023-10-20,VALLE DEL CAUCA,Cali - Cavasa,Papa Capira,2806.71
2023-10-21,VALLE DEL CAUCA,Cali - Cavasa,Papa Capira,3038.85
2023-10-22,VALLE DEL CAUCA,Cali - Cavasa,Papa Capira,2698.05
2023-10-23,VALLE DEL CAUCA,Cali - Cavasa,Papa Capira,2618.9
2023-10-24,VALLE DEL CAUCA,Cali - Cavasa,Papa Capira,3014.97
2023-10-25,VALLE DEL CAUCA,Cali - Cavasa,Papa Capira,2909.79
2023-10-26,VALLE DEL CAUCA,Cali - Cavasa,Papa Capira,2802.78
2023-10-27,VALLE DEL CAUCA,Cali - Cavasa,Papa Capira,2839.56
2023-10-28,VALLE DEL CAUCA,Cali - Cavasa,Papa Capira,2874.83
2023-10-29,VALLE DEL CAUCA,Cali - Cavasa,Papa Capira,3012.85
2023-10-30,VALLE DEL CAUCA,Cali - Cavasa,Papa Capira,2909.76
2023-10-31,VALLE DEL CAUCA,Cali - Cavasa,Papa Capira,2800.81
2023-11-01,VALLE DEL CAUCA,Cali - Cavasa,Papa Capira,2954.81
2023-11-02,VALLE DEL CAUCA,Cali - Cavasa,Papa Capira,3009.48
2023-11-03,VALLE DEL CAUCA,Cali - Cavasa,Papa Capira,2871.53
2023-11-04,VALLE DEL CAUCA,Cali - Cavasa,Papa Capira,3034.51
2023-11-05,VALLE DEL CAUCA,Cali - Cavasa,Papa Capira,2987.98
2023-11-06,VALLE DEL CAUCA,Cali - Cavasa,Papa Capira,2860.37
2023-11-07,VALLE DEL CAUCA,Cali - Cavasa,Papa Capira,2754.77
2023-11-08,VALLE DEL CAUCA,Cali - Cavasa,Papa Capira,2806.18
2023-11-09,VALLE DEL CAUCA,Cali - Cavasa,Papa Capira,2798.07
2023-11-10,VALLE DEL CAUCA,Cali - Cavasa,Papa Capira,2941.4
2023-11-11,VALLE DEL CAUCA,Cali - Cavasa,Papa Capira,2748.57
2023-11-12,VALLE DEL CAUCA,Cali - Cavasa,Papa Capira,3026.26
2023-11-13,VALLE DEL CAUCA,Cali - Cavasa,Papa Capira,2845.39
2023-11-14,VALLE DEL CAUCA,Cali - Cavasa,Papa Capira,2881.97
2023-11-15,VALLE DEL CAUCA,Cali - Cavasa,Papa Capira,2900.31
2023-11-16,VALLE DEL CAUCA,Cali - Cavasa,Papa Capira,3036.91
2023-11-17,VALLE DEL CAUCA,Cali - Cavasa,Papa Capira,2914.79
2023-11-18,VALLE DEL CAUCA,Cali - Cavasa,Papa Capira,3004.18
2023-11-19,VALLE DEL CAUCA,Cali - Cavasa,Papa Capira,2818.49
2023-11-20,VALLE DEL CAUCA,Cali - Cavasa,Papa Capira,2850.97
2023-11-21,VALLE DEL CAUCA,Cali - Cavasa,Papa Capira,2661.52
2023-11-22,VALLE DEL CAUCA,Cali - Cavasa,Papa Capira,2778.85
2023-11-23,VALLE DEL CAUCA,Cali - Cavasa,Papa Capira,3049.99
2023-11-24,VALLE DEL CAUCA,Cali - Cavasa,Papa Capira,2853.38
2023-11-25,VALLE DEL CAUCA,Cali - Cavasa,Papa Capira,3009.58
2023-11-26,VALLE DEL CAUCA,Cali - Cavasa,Papa Capira,2772.0
2023-11-27,VALLE DEL CAUCA,Cali - Cavasa,Papa Capira,2925.88
2023-11-28,VALLE DEL CAUCA,Cali - Cavasa,Papa Capira,3055.87
2023-11-29,VALLE DEL CAUCA,Cali - Cavasa,Papa Capira,2879.08
2023-11-30,VALLE DEL CAUCA,Cali - Cavasa,Papa Capira,2875.06
2023-12-01,VALLE DEL CAUCA,Cali - Cavasa,Papa Capira,3057.84
2023-12-02,VALLE DEL CAUCA,Cali - Cavasa,Papa Capira,2899.15
2023-12-03,VALLE DEL CAUCA,Cali - Cavasa,Papa Capira,2774.67
2023-12-04,VALLE DEL CAUCA,Cali - Cavasa,Papa Capira,2916.85
2023-12-05,VALLE DEL CAUCA,Cali - Cavasa,Papa Capira,2828.01
2023-12-06,VALLE DEL CAUCA,Cali - Cavasa,Papa Capira,2883.7
2023-12-07,VALLE DEL CAUCA,Cali - Cavasa,Papa Capira,2973.9
2023-12-08,VALLE DEL CAUCA,Cali - Cavasa,Papa Capira,2955.8
2023-12-09,VALLE DEL CAUCA,Cali - Cavasa,Papa Capira,2914.09
2023-12-10,VALLE DEL CAUCA,Cali - Cavasa,Papa Capira,3034.55
2023-12-11,VALLE DEL CAUCA,Cali - Cavasa,Papa Capira,2964.88
2023-12-12,VALLE DEL CAUCA,Cali - Cavasa,Papa Capira,3124.0
2023-12-13,VALLE DEL CAUCA,Cali - Cavasa,Papa Capira,2894.96
2023-12-14,VALLE DEL CAUCA,Cali - Cavasa,Papa Capira,2987.33
2023-12-15,VALLE DEL CAUCA,Cali - Cavasa,Papa Capira,3010.09
2023-12-16,VALLE DEL CAUCA,Cali - Cavasa,Papa Capira,2923.77
2023-12-17,VALLE DEL CAUCA,Cali - Cavasa,Papa Capira,2841.26
2023-12-18,VALLE DEL CAUCA,Cali - Cavasa,Papa Capira,3001.59
2023-12-19,VALLE DEL CAUCA,Cali - Cavasa,Papa Capira,2887.92
2023-12-20,VALLE DEL CAUCA,Cali - Cavasa,Papa Capira,2864.66
2023-12-21,VALLE DEL CAUCA,Cali - Cavasa,Papa Capira,2866.76
2023-12-22,VALLE DEL CAUCA,Cali - Cavasa,Papa Capira,2762.02
2023-12-23,VALLE DEL CAUCA,Cali - Cavasa,Papa Capira,3156.75
2023-12-24,VALLE DEL CAUCA,Cali - Cavasa,Papa Capira,3042.97
2023-12-25,VALLE DEL CAUCA,Cali - Cavasa,Papa Capira,2965.05
2023-12-26,VALLE DEL CAUCA,Cali - Cavasa,Papa Capira,2798.99
2023-12-27,VALLE DEL CAUCA,Cali - Cavasa,Papa Capira,3084.66
2023-12-28,VALLE DEL CAUCA,Cali - Cavasa,Papa Capira,2923.38
2023-12-29,VALLE DEL CAUCA,Cali - Cavasa,Papa Capira,3006.39
2023-12-30,VALLE DEL CAUCA,Cali - Cavasa,Papa Capira,3094.65
2023-12-31,VALLE DEL CAUCA,Cali - Cavasa,Papa Capira,2966.28
